"John_KJV" "Luke_KJV" "Mark_KJV" "Matthew_KJV"
"and" 4.82350476589505 7.3634295847951 8.47949360411447 6.55294713730789
"the" 5.44149994762753 5.5052237942866 5.7431095872346 5.93227495355514
"of" 2.48245522153556 3.03018620609892 2.55835421337202 2.84158081405168
"he" 2.39342201738766 2.55214156289757 2.6704470526177 1.73957101840905
"him" 2.15774588876087 1.93916496395389 2.54516682051958 1.59601418679277
"that" 2.77574107049335 1.82350900188905 1.66820519583278 1.63823678432697
"unto" 1.97444223316225 1.54207949419793 1.69457998153765 1.83668299273771
"to" 1.16266890122552 2.09722811210918 1.7143610708163 1.59179192703935
"they" 1.12077092280297 1.31847796753923 1.90557826717658 1.29623374429995
"in" 1.18361789043679 1.38787154477813 1.12752208888303 1.28778922479311
"them" 0.95317900911281 1.16812521685493 1.49017539232494 1.13156561391657
"i" 2.21535560909186 0.867419715486333 0.639588553343004 0.886674548218206
"not" 1.55546244893684 0.925247696518755 0.876961624686799 1.07667623712211
"is" 1.19932963234524 0.959944485138209 0.995648160358697 1.22023306873839
"shall" 0.712265633183199 1.03319326111261 1.02861664248978 1.45245735517649
"a" 0.853671310359275 1.26836038397779 0.989054463932481 1.07245397736869
"said" 1.24122761076778 1.12571803076449 0.903336410391666 0.798007093396386
"for" 0.874620299570546 1.03704845984811 0.942898588948965 1.12734335416315
"his" 0.921755525295904 0.905971702841281 0.975867071080047 1.09356527613579
"ye" 1.22551586885933 0.740198157215004 0.758275089014902 1.11045431514947
"was" 0.947941761809993 1.16812521685493 0.778056178293551 0.641783482519845
"be" 0.518487482978946 0.971510081344693 0.811024660424634 1.11467657490289
"but" 1.04221221326071 0.674659778711593 0.8373994461295 1.00067556156055
"it" 0.707028385880381 0.848143721808859 0.962679678227614 0.950008444519507
"jesus" 1.34073530952132 0.385519873549481 0.639588553343004 0.726228677588245
"which" 0.686079396669111 1.05246925479008 0.395621785572992 0.654450261780105
"when" 0.523724730281764 0.693935772389067 0.758275089014902 0.730450937341665
"with" 0.460877762647952 0.697790971124561 0.890149017539232 0.582671845971964
"you" 0.837959568450822 0.61683179767917 0.382434392720559 0.662894781286945
"thou" 0.895569288781816 0.562859015382243 0.428590267704075 0.637561222766425
"me" 1.28312558919032 0.420216662168935 0.316497428458394 0.443337274109103
"man" 0.654655912852205 0.505031034349821 0.580245285507055 0.527782469177504
"have" 0.832722321148005 0.435637457110914 0.369246999868126 0.489782131396724
"into" 0.345658321985964 0.420216662168935 0.632994856916788 0.582671845971964
"all" 0.2670996124437 0.601411002737191 0.51430832124489 0.498226650903564
"this" 0.659893160155023 0.481899841936852 0.32309112488461 0.388447897314643
"then" 0.717502880486017 0.30456070010409 0.145061321376764 0.548893767944604
"were" 0.303760343563423 0.481899841936852 0.461558749835158 0.392670157068063
"came" 0.329946580077511 0.435637457110914 0.395621785572992 0.451781793615943
"my" 0.701791138577564 0.31227109757508 0.263747857048661 0.367336598547543
"as" 0.356132816591599 0.447203053317399 0.454965053408941 0.371558858300963
"had" 0.429454278831046 0.327691892517059 0.573651589080839 0.350447559533863
"come" 0.460877762647952 0.370099078607502 0.389028089146776 0.375781118054383
"son" 0.329946580077511 0.559003816646748 0.250560464196228 0.329336260766762
"from" 0.371844558500052 0.377809476078492 0.389028089146776 0.392670157068063
"saying" 0.209489892112706 0.40865106596245 0.336278517737043 0.506671170410404
"say" 0.272336859746517 0.350823084930028 0.369246999868126 0.494004391150144
"god" 0.429454278831046 0.478044643201357 0.336278517737043 0.232224286438102
"on" 0.350895569288782 0.339257488723544 0.408809178425425 0.375781118054383
"out" 0.240913375929611 0.370099078607502 0.474746142687591 0.380003377807803
"thee" 0.319472085471876 0.362388681136513 0.270341553474878 0.422225975342003
"there" 0.335183827380329 0.366243879872007 0.415402874851642 0.308224961999662
"will" 0.403268042316958 0.323836693781564 0.250560464196228 0.380003377807803
"one" 0.314234838169058 0.327691892517059 0.349465910589476 0.337780780273602
"things" 0.366607311197235 0.381664674813987 0.309903732032177 0.240668805944942
"are" 0.324709332774694 0.354678283665523 0.230779374917579 0.333558520520182
"thy" 0.1780664082958 0.385519873549481 0.290122642753528 0.380003377807803
"went" 0.28804860165497 0.30456070010409 0.316497428458394 0.295558182739402
"father" 0.659893160155023 0.165773545626277 0.125280232098114 0.253335585205202
"if" 0.429454278831046 0.21589112918771 0.230779374917579 0.312447221753082
"lord" 0.240913375929611 0.397085469755966 0.125280232098114 0.320891741259922
"what" 0.277574107049335 0.285284706426616 0.356059607015693 0.253335585205202
"by" 0.193778150204253 0.227456725394194 0.36265330344191 0.346225299780442
"hath" 0.398030795014141 0.296850302633101 0.184623499934063 0.173112649890221
"saith" 0.591808945218393 0.0385519873549482 0.316497428458394 0.198446208410741
"disciples" 0.340421074683147 0.134931955742319 0.303310035605961 0.299780442492822
"do" 0.282811354352152 0.235167122865184 0.276935249901095 0.253335585205202
"also" 0.28804860165497 0.339257488723544 0.158248714229197 0.202668468164161
"up" 0.246150623232429 0.250587917807163 0.316497428458394 0.223779766931262
"no" 0.329946580077511 0.196615135510236 0.309903732032177 0.190001688903901
"these" 0.319472085471876 0.254443116542658 0.164842410655413 0.215335247424422
"their" 0.0995076987535351 0.227456725394194 0.276935249901095 0.346225299780442
"at" 0.277574107049335 0.289139905162111 0.204404589212713 0.168890390136801
"her" 0.19901539750707 0.250587917807163 0.243966767770012 0.168890390136801
"answered" 0.403268042316958 0.0925247696518756 0.197810892786496 0.202668468164161
"go" 0.256625117838064 0.188904738039246 0.178029803507847 0.219557507177842
"therefore" 0.403268042316958 0.142642353213308 0.0923117499670315 0.206890727917581
"your" 0.193778150204253 0.212035930452215 0.0989054463932481 0.274446883972302
"we" 0.308997590866241 0.161918346890782 0.184623499934063 0.173112649890221
"day" 0.209489892112706 0.242877520336173 0.145061321376764 0.164668130383381
"now" 0.392793547711323 0.146497551948803 0.118686535671898 0.139334571862861
"should" 0.308997590866241 0.138787154477813 0.210998285638929 0.118223273095761
"because" 0.366607311197235 0.115655962064844 0.131873928524331 0.130890052356021
"many" 0.157117419084529 0.131076757006824 0.283528946327311 0.164668130383381
"men" 0.115219440661988 0.177339141832761 0.138467624950547 0.236446546191522
"behold" 0.0995076987535351 0.20047033424573 0.085718053540815 0.253335585205202
"heaven" 0.0995076987535351 0.119511160800339 0.112092839245681 0.320891741259922
"so" 0.183303655598617 0.138787154477813 0.15165501780298 0.206890727917581
"again" 0.28804860165497 0.107945564593855 0.19121719636028 0.122445532849181
"down" 0.172829160992982 0.231311924129689 0.118686535671898 0.122445532849181
"saw" 0.157117419084529 0.138787154477813 0.210998285638929 0.177334909643641
"us" 0.125693935267623 0.204325532981225 0.145061321376764 0.152001351123121
"house" 0.0523724730281764 0.223601526658699 0.197810892786496 0.152001351123121
"or" 0.057609720330994 0.138787154477813 0.184623499934063 0.244891065698362
"am" 0.366607311197235 0.100235167122865 0.0659369642621654 0.109778753588921
"away" 0.130931182570441 0.115655962064844 0.217591982065146 0.181557169397061
"know" 0.371844558500052 0.0771039747098963 0.118686535671898 0.0886674548218206
"sent" 0.298523096260605 0.131076757006824 0.105499142819465 0.0971119743286607
"forth" 0.141405677176076 0.119511160800339 0.164842410655413 0.194223948657321
"kingdom" 0.0261862365140882 0.173483943097267 0.138467624950547 0.236446546191522
"see" 0.19901539750707 0.146497551948803 0.112092839245681 0.143556831616281
"before" 0.120456687964806 0.185049539303751 0.131873928524331 0.143556831616281
"how" 0.125693935267623 0.154207949419793 0.184623499934063 0.139334571862861
"people" 0.104744946056353 0.223601526658699 0.15165501780298 0.101334234082081
"cast" 0.073321462239447 0.119511160800339 0.184623499934063 0.202668468164161
"heard" 0.172829160992982 0.119511160800339 0.164842410655413 0.135112312109441
"give" 0.125693935267623 0.165773545626277 0.112092839245681 0.152001351123121
"an" 0.073321462239447 0.146497551948803 0.158248714229197 0.177334909643641
"did" 0.204252644809888 0.0925247696518756 0.145061321376764 0.135112312109441
"let" 0.0837959568450822 0.131076757006824 0.158248714229197 0.164668130383381
"she" 0.120456687964806 0.158063148155287 0.204404589212713 0.0760006755615606
"world" 0.418979784225411 0.0385519873549482 0.0329684821310827 0.0760006755615606
"took" 0.0890332041478999 0.0886695709163807 0.178029803507847 0.190001688903901
"take" 0.104744946056353 0.10409036585836 0.17143610708163 0.147779091369701
"called" 0.115219440661988 0.138787154477813 0.085718053540815 0.152001351123121
"upon" 0.057609720330994 0.161918346890782 0.145061321376764 0.135112312109441
"great" 0.0314234838169058 0.146497551948803 0.158248714229197 0.156223610876541
"verily" 0.261862365140882 0.0308415898839585 0.0989054463932481 0.126667792602601
"whom" 0.225201634021158 0.10409036585836 0.0791243571145984 0.0886674548218206
"john" 0.0995076987535351 0.119511160800339 0.17143610708163 0.109778753588921
"against" 0.0314234838169058 0.142642353213308 0.17143610708163 0.135112312109441
"neither" 0.0837959568450822 0.127221558271329 0.125280232098114 0.139334571862861
"cometh" 0.214727139415523 0.0732487759744015 0.125280232098114 0.0886674548218206
"after" 0.130931182570441 0.11180076332935 0.138467624950547 0.0971119743286607
"any" 0.146642924478894 0.100235167122865 0.184623499934063 0.0675561560547205
"good" 0.057609720330994 0.123366359535834 0.085718053540815 0.177334909643641
"himself" 0.193778150204253 0.127221558271329 0.085718053540815 0.0633338963013005
"even" 0.136168429873259 0.0848143721808859 0.118686535671898 0.126667792602601
"two" 0.073321462239447 0.107945564593855 0.118686535671898 0.152001351123121
"made" 0.157117419084529 0.0963799683873704 0.0923117499670315 0.105556493835501
"peter" 0.167591913690164 0.0771039747098963 0.125280232098114 0.0971119743286607
"spake" 0.162354666387347 0.134931955742319 0.0725306606883819 0.0675561560547205
"may" 0.193778150204253 0.0848143721808859 0.105499142819465 0.0717784158081405
"might" 0.193778150204253 0.0848143721808859 0.0923117499670315 0.0802229353149806
"among" 0.120456687964806 0.107945564593855 0.125280232098114 0.0886674548218206
"other" 0.10998219335917 0.107945564593855 0.105499142819465 0.109778753588921
"hear" 0.0942704514507175 0.10409036585836 0.118686535671898 0.114001013342341
"days" 0.0523724730281764 0.142642353213308 0.125280232098114 0.0971119743286607
"more" 0.0995076987535351 0.10409036585836 0.112092839245681 0.109778753588921
"done" 0.0837959568450822 0.115655962064844 0.0923117499670315 0.118223273095761
"pass" 0.0209489892112706 0.223601526658699 0.0725306606883819 0.0633338963013005
"way" 0.0680842149366293 0.0925247696518756 0.15165501780298 0.118223273095761
"yet" 0.193778150204253 0.0771039747098963 0.0791243571145984 0.0802229353149806
"about" 0.0785587095422646 0.107945564593855 0.184623499934063 0.0675561560547205
"put" 0.0890332041478999 0.0539727822969274 0.145061321376764 0.143556831616281
"who" 0.115219440661988 0.11180076332935 0.105499142819465 0.0802229353149806
"eat" 0.0785587095422646 0.10409036585836 0.17143610708163 0.0717784158081405
"where" 0.183303655598617 0.0578279810324222 0.105499142819465 0.0802229353149806
"hand" 0.0628469676338117 0.0732487759744015 0.138467624950547 0.130890052356021
"jews" 0.350895569288782 0.0192759936774741 0.0395621785572992 0.0211112987671002
"than" 0.0890332041478999 0.0925247696518756 0.085718053540815 0.122445532849181
"art" 0.146642924478894 0.100235167122865 0.0725306606883819 0.0717784158081405
"life" 0.230438881323976 0.0578279810324222 0.0527495714097323 0.0633338963013005
"pharisees" 0.104744946056353 0.0809591734453911 0.0791243571145984 0.122445532849181
"whosoever" 0.0523724730281764 0.0809591734453911 0.0989054463932481 0.152001351123121
"would" 0.0995076987535351 0.11180076332935 0.0791243571145984 0.0928897145752407
"every" 0.0837959568450822 0.107945564593855 0.0593432678359488 0.109778753588921
"mother" 0.0471352257253587 0.0809591734453911 0.125280232098114 0.118223273095761
"first" 0.0628469676338117 0.0809591734453911 0.112092839245681 0.109778753588921
"hast" 0.188540902901435 0.0732487759744015 0.0197810892786496 0.0760006755615606
"believe" 0.272336859746517 0.0192759936774741 0.0725306606883819 0.0295558182739402
"name" 0.120456687964806 0.0848143721808859 0.0791243571145984 0.0760006755615606
"time" 0.0890332041478999 0.0886695709163807 0.0659369642621654 0.105556493835501
"another" 0.0837959568450822 0.100235167122865 0.0725306606883819 0.0886674548218206
"those" 0.0523724730281764 0.115655962064844 0.085718053540815 0.0886674548218206
"word" 0.115219440661988 0.0771039747098963 0.085718053540815 0.0802229353149806
"city" 0.0418979784225411 0.138787154477813 0.0461558749835158 0.0928897145752407
"why" 0.073321462239447 0.0732487759744015 0.131873928524331 0.0802229353149806
"own" 0.130931182570441 0.0848143721808859 0.0527495714097323 0.0675561560547205
"children" 0.0314234838169058 0.0886695709163807 0.0659369642621654 0.130890052356021
"gave" 0.0785587095422646 0.0693935772389067 0.112092839245681 0.0844451950684006
"jerusalem" 0.0680842149366293 0.127221558271329 0.0725306606883819 0.0548893767944604
"same" 0.104744946056353 0.0848143721808859 0.0527495714097323 0.0844451950684006
"certain" 0.0261862365140882 0.165773545626277 0.0725306606883819 0.0422225975342003
"dead" 0.10998219335917 0.0732487759744015 0.085718053540815 0.0675561560547205
"given" 0.146642924478894 0.0462623848259378 0.0791243571145984 0.0717784158081405
"shalt" 0.0418979784225411 0.100235167122865 0.0395621785572992 0.122445532849181
"master" 0.0523724730281764 0.0963799683873704 0.112092839245681 0.0675561560547205
"chief" 0.057609720330994 0.0771039747098963 0.105499142819465 0.0844451950684006
"spirit" 0.0942704514507175 0.0809591734453911 0.112092839245681 0.0422225975342003
"tell" 0.0628469676338117 0.0925247696518756 0.0791243571145984 0.0760006755615606
"multitude" 0.0209489892112706 0.0693935772389067 0.112092839245681 0.109778753588921
"some" 0.073321462239447 0.0539727822969274 0.118686535671898 0.0802229353149806
"temple" 0.073321462239447 0.0732487759744015 0.0791243571145984 0.0844451950684006
"brought" 0.0418979784225411 0.0771039747098963 0.085718053540815 0.0971119743286607
"hour" 0.10998219335917 0.0501175835614326 0.0593432678359488 0.0886674548218206
"bread" 0.104744946056353 0.0539727822969274 0.0923117499670315 0.0591116365478804
"make" 0.0418979784225411 0.0925247696518756 0.0725306606883819 0.0802229353149806
"priests" 0.057609720330994 0.061683179767917 0.0989054463932481 0.0844451950684006
"while" 0.0890332041478999 0.0732487759744015 0.0593432678359488 0.0717784158081405
"began" 0.0157117419084529 0.0848143721808859 0.17143610708163 0.0422225975342003
"galilee" 0.0890332041478999 0.0578279810324222 0.0791243571145984 0.0717784158081405
"place" 0.0995076987535351 0.061683179767917 0.085718053540815 0.0548893767944604
"whole" 0.0471352257253587 0.0693935772389067 0.0989054463932481 0.0802229353149806
"christ" 0.10998219335917 0.0539727822969274 0.0527495714097323 0.0717784158081405
"sat" 0.0471352257253587 0.061683179767917 0.125280232098114 0.0675561560547205
"nothing" 0.0995076987535351 0.0539727822969274 0.0989054463932481 0.0464448572876203
"over" 0.0261862365140882 0.100235167122865 0.085718053540815 0.0633338963013005
"scribes" 0.00523724730281764 0.0578279810324222 0.138467624950547 0.0928897145752407
"servant" 0.0366607311197235 0.0963799683873704 0.0329684821310827 0.0928897145752407
"woman" 0.120456687964806 0.0732487759744015 0.0461558749835158 0.0422225975342003
"receive" 0.073321462239447 0.0693935772389067 0.0791243571145984 0.0591116365478804
"together" 0.0366607311197235 0.0809591734453911 0.0923117499670315 0.0675561560547205
"earth" 0.0209489892112706 0.0655383785034118 0.0593432678359488 0.114001013342341
"much" 0.0523724730281764 0.0963799683873704 0.085718053540815 0.0380003377807803
"asked" 0.0523724730281764 0.0578279810324222 0.158248714229197 0.0295558182739402
"found" 0.0366607311197235 0.107945564593855 0.0527495714097323 0.0548893767944604
"simon" 0.125693935267623 0.0539727822969274 0.0593432678359488 0.0380003377807803
"thine" 0.0628469676338117 0.0771039747098963 0.0263747857048661 0.0844451950684006
"blessed" 0.0104744946056353 0.107945564593855 0.0461558749835158 0.0760006755615606
"king" 0.0837959568450822 0.0308415898839585 0.0725306606883819 0.0844451950684006
"being" 0.0890332041478999 0.0848143721808859 0.0461558749835158 0.0337780780273602
"brother" 0.0418979784225411 0.0501175835614326 0.0791243571145984 0.0886674548218206
"hands" 0.0523724730281764 0.0501175835614326 0.112092839245681 0.0548893767944604
"left" 0.0261862365140882 0.0501175835614326 0.105499142819465 0.0802229353149806
"can" 0.0995076987535351 0.0385519873549482 0.0791243571145984 0.0464448572876203
"light" 0.125693935267623 0.0501175835614326 0.00659369642621654 0.0591116365478804
"pilate" 0.10998219335917 0.0462623848259378 0.0659369642621654 0.0380003377807803
"prophet" 0.0523724730281764 0.0539727822969274 0.0263747857048661 0.101334234082081
"speak" 0.104744946056353 0.042407186090443 0.0659369642621654 0.0464448572876203
"departed" 0.0261862365140882 0.0578279810324222 0.0461558749835158 0.101334234082081
"enter" 0.0157117419084529 0.0655383785034118 0.0923117499670315 0.0717784158081405
"love" 0.115219440661988 0.0462623848259378 0.0395621785572992 0.0464448572876203
"mary" 0.0785587095422646 0.0655383785034118 0.0527495714097323 0.0464448572876203
"sea" 0.0523724730281764 0.0154207949419793 0.125280232098114 0.0760006755615606
"knew" 0.125693935267623 0.0385519873549482 0.0527495714097323 0.0337780780273602
"sabbath" 0.057609720330994 0.0693935772389067 0.0725306606883819 0.0422225975342003
"stood" 0.0837959568450822 0.0732487759744015 0.0527495714097323 0.0295558182739402
"written" 0.0785587095422646 0.0655383785034118 0.0527495714097323 0.0422225975342003
"ask" 0.0890332041478999 0.0501175835614326 0.0461558749835158 0.0506671170410404
"blind" 0.0942704514507175 0.0308415898839585 0.0329684821310827 0.0760006755615606
"followed" 0.0261862365140882 0.042407186090443 0.085718053540815 0.0844451950684006
"little" 0.073321462239447 0.042407186090443 0.0527495714097323 0.0675561560547205
"our" 0.0680842149366293 0.0771039747098963 0.0263747857048661 0.0506671170410404
"been" 0.0471352257253587 0.0462623848259378 0.0725306606883819 0.0675561560547205
"laid" 0.0628469676338117 0.0655383785034118 0.0659369642621654 0.0380003377807803
"spoken" 0.0942704514507175 0.0346967886194533 0.0395621785572992 0.0633338963013005
"evil" 0.0366607311197235 0.0539727822969274 0.0395621785572992 0.0844451950684006
"nor" 0.0523724730281764 0.0655383785034118 0.0197810892786496 0.0717784158081405
"seen" 0.120456687964806 0.0501175835614326 0.0263747857048661 0.0295558182739402
"wife" 0.00523724730281764 0.0693935772389067 0.0725306606883819 0.0717784158081405
"fruit" 0.0523724730281764 0.0501175835614326 0.0527495714097323 0.0633338963013005
"received" 0.0785587095422646 0.0346967886194533 0.0263747857048661 0.0760006755615606
"themselves" 0.0523724730281764 0.0385519873549482 0.118686535671898 0.0337780780273602
"twelve" 0.0314234838169058 0.0501175835614326 0.0923117499670315 0.0548893767944604
"eyes" 0.0942704514507175 0.0346967886194533 0.0395621785572992 0.0506671170410404
"cried" 0.0523724730281764 0.0385519873549482 0.0923117499670315 0.0422225975342003
"death" 0.0628469676338117 0.0385519873549482 0.0659369642621654 0.0506671170410404
"drink" 0.0366607311197235 0.0385519873549482 0.0659369642621654 0.0717784158081405
"having" 0.0418979784225411 0.0539727822969274 0.0791243571145984 0.0422225975342003
"heart" 0.0366607311197235 0.0462623848259378 0.0659369642621654 0.0633338963013005
"prophets" 0.0209489892112706 0.0693935772389067 0.0263747857048661 0.0717784158081405
"told" 0.0785587095422646 0.0539727822969274 0.0461558749835158 0.0295558182739402
"whatsoever" 0.057609720330994 0.0269863911484637 0.0593432678359488 0.0675561560547205
"child" 0.0104744946056353 0.0693935772389067 0.0329684821310827 0.0717784158081405
"devils" 0 0.0655383785034118 0.0791243571145984 0.0548893767944604
"entered" 0.0366607311197235 0.0693935772389067 0.0791243571145984 0.0211112987671002
"holy" 0.0261862365140882 0.0732487759744015 0.0461558749835158 0.0464448572876203
"ship" 0.0366607311197235 0.0154207949419793 0.118686535671898 0.0548893767944604
"water" 0.125693935267623 0.0269863911484637 0.0263747857048661 0.0295558182739402
"bring" 0.0366607311197235 0.0578279810324222 0.0461558749835158 0.0506671170410404
"devil" 0.0523724730281764 0.0501175835614326 0.0395621785572992 0.0506671170410404
"fell" 0.0104744946056353 0.0693935772389067 0.0659369642621654 0.0464448572876203
"immediately" 0.0261862365140882 0.0501175835614326 0.112092839245681 0.0253335585205202
"law" 0.0837959568450822 0.0539727822969274 0 0.0464448572876203
"words" 0.0995076987535351 0.042407186090443 0.0329684821310827 0.0253335585205202
"cannot" 0.0837959568450822 0.0385519873549482 0.0461558749835158 0.0295558182739402
"like" 0.0209489892112706 0.0501175835614326 0.0395621785572992 0.0717784158081405
"power" 0.0366607311197235 0.0693935772389067 0.0461558749835158 0.0337780780273602
"pray" 0.0314234838169058 0.0539727822969274 0.0527495714097323 0.0506671170410404
"through" 0.0523724730281764 0.0655383785034118 0.0461558749835158 0.0253335585205202
"voice" 0.073321462239447 0.0462623848259378 0.0461558749835158 0.0295558182739402
"begat" 0 0 0 0.164668130383381
"body" 0.0261862365140882 0.0501175835614326 0.0395621785572992 0.0633338963013005
"brethren" 0.0314234838169058 0.0385519873549482 0.0461558749835158 0.0675561560547205
"feet" 0.0680842149366293 0.061683179767917 0.0263747857048661 0.0253335585205202
"fulfilled" 0.057609720330994 0.0308415898839585 0.0263747857048661 0.0675561560547205
"high" 0.0628469676338117 0.0269863911484637 0.0725306606883819 0.0380003377807803
"peace" 0.0314234838169058 0.0732487759744015 0.0527495714097323 0.0253335585205202
"rise" 0.0209489892112706 0.0501175835614326 0.085718053540815 0.0380003377807803
"save" 0.0261862365140882 0.0501175835614326 0.0593432678359488 0.0506671170410404
"send" 0.0314234838169058 0.0385519873549482 0.0659369642621654 0.0548893767944604
"sick" 0.0261862365140882 0.0269863911484637 0.085718053540815 0.0591116365478804
"taken" 0.0418979784225411 0.0655383785034118 0.0263747857048661 0.0422225975342003
"witness" 0.10998219335917 0.0154207949419793 0.0527495714097323 0.0253335585205202
"believed" 0.141405677176076 0.0192759936774741 0.0197810892786496 0.0126667792602601
"david" 0.0104744946056353 0.0462623848259378 0.0461558749835158 0.0717784158081405
"likewise" 0.0157117419084529 0.0771039747098963 0.0263747857048661 0.0464448572876203
"meat" 0.0366607311197235 0.0655383785034118 0.0263747857048661 0.0422225975342003
"moses" 0.0680842149366293 0.0385519873549482 0.0527495714097323 0.0295558182739402
"set" 0.0366607311197235 0.0539727822969274 0.0593432678359488 0.0337780780273602
"truth" 0.141405677176076 0.0192759936774741 0.0197810892786496 0.0126667792602601
"country" 0.0157117419084529 0.061683179767917 0.0659369642621654 0.0337780780273602
"here" 0.0157117419084529 0.0462623848259378 0.0593432678359488 0.0548893767944604
"sheep" 0.115219440661988 0.00771039747098963 0.0131873928524331 0.0464448572876203
"thing" 0.0418979784225411 0.0501175835614326 0.0659369642621654 0.0253335585205202
"arose" 0.0157117419084529 0.0462623848259378 0.0593432678359488 0.0506671170410404
"five" 0.0314234838169058 0.042407186090443 0.0329684821310827 0.0591116365478804
"glory" 0.0628469676338117 0.0462623848259378 0.0197810892786496 0.0380003377807803
"must" 0.0523724730281764 0.0539727822969274 0.0461558749835158 0.0211112987671002
"servants" 0.0366607311197235 0.0346967886194533 0.0263747857048661 0.0675561560547205
"side" 0.0418979784225411 0.0308415898839585 0.0791243571145984 0.0337780780273602
"coming" 0.0471352257253587 0.0385519873549482 0.0395621785572992 0.0422225975342003
"delivered" 0.0314234838169058 0.061683179767917 0.0395621785572992 0.0295558182739402
"find" 0.0418979784225411 0.0539727822969274 0.0197810892786496 0.0422225975342003
"till" 0.0157117419084529 0.042407186090443 0.0329684821310827 0.0675561560547205
"without" 0.0366607311197235 0.0346967886194533 0.0725306606883819 0.0337780780273602
"works" 0.0995076987535351 0.00771039747098963 0.0131873928524331 0.0506671170410404
"fear" 0.0209489892112706 0.0771039747098963 0 0.0422225975342003
"feast" 0.10998219335917 0.0231311924129689 0.0197810892786496 0.0168890390136801
"healed" 0.00523724730281764 0.0655383785034118 0.0395621785572992 0.0422225975342003
"seek" 0.0785587095422646 0.0385519873549482 0.0263747857048661 0.0211112987671002
"stone" 0.057609720330994 0.0385519873549482 0.0329684821310827 0.0337780780273602
"known" 0.0890332041478999 0.0385519873549482 0.00659369642621654 0.0211112987671002
"right" 0.0104744946056353 0.0346967886194533 0.0527495714097323 0.0591116365478804
"three" 0.0261862365140882 0.0385519873549482 0.0395621785572992 0.0506671170410404
"fire" 0.0157117419084529 0.0308415898839585 0.0593432678359488 0.0506671170410404
"follow" 0.0523724730281764 0.0346967886194533 0.0461558749835158 0.0253335585205202
"generation" 0 0.0539727822969274 0.0329684821310827 0.0548893767944604
"head" 0.0261862365140882 0.0269863911484637 0.0593432678359488 0.0464448572876203
"herod" 0 0.0462623848259378 0.0527495714097323 0.0506671170410404
"judgment" 0.073321462239447 0.0154207949419793 0.00659369642621654 0.0548893767944604
"others" 0.0366607311197235 0.0385519873549482 0.0461558749835158 0.0337780780273602
"parable" 0.00523724730281764 0.061683179767917 0.0395621785572992 0.0380003377807803
"straightway" 0.00523724730281764 0.0154207949419793 0.125280232098114 0.0337780780273602
"tree" 0.0104744946056353 0.042407186090443 0.0263747857048661 0.0633338963013005
"could" 0.0209489892112706 0.0462623848259378 0.0725306606883819 0.0168890390136801
"filled" 0.0366607311197235 0.0578279810324222 0.0329684821310827 0.0168890390136801
"full" 0.0314234838169058 0.0385519873549482 0.0461558749835158 0.0337780780273602
"greater" 0.0680842149366293 0.0269863911484637 0.0197810892786496 0.0337780780273602
"lay" 0.0471352257253587 0.0269863911484637 0.0461558749835158 0.0337780780273602
"lest" 0.0261862365140882 0.0385519873549482 0.0395621785572992 0.0422225975342003
"off" 0.0157117419084529 0.0385519873549482 0.0659369642621654 0.0337780780273602
"sepulchre" 0.057609720330994 0.0308415898839585 0.0395621785572992 0.0253335585205202
"sins" 0.0314234838169058 0.042407186090443 0.0527495714097323 0.0253335585205202
"sit" 0.00523724730281764 0.0501175835614326 0.0395621785572992 0.0464448572876203
"sought" 0.0471352257253587 0.0501175835614326 0.0329684821310827 0.0168890390136801
"well" 0.057609720330994 0.0269863911484637 0.0395621785572992 0.0295558182739402
"woe" 0 0.0578279810324222 0.0131873928524331 0.0591116365478804
"abraham" 0.0418979784225411 0.0539727822969274 0.00659369642621654 0.0295558182739402
"answering" 0 0.0848143721808859 0.0461558749835158 0.00422225975342003
"commanded" 0.00523724730281764 0.0346967886194533 0.0659369642621654 0.0422225975342003
"eye" 0 0.0385519873549482 0.0263747857048661 0.0675561560547205
"ghost" 0.0261862365140882 0.0462623848259378 0.0395621785572992 0.0295558182739402
"israel" 0.0209489892112706 0.0462623848259378 0.0131873928524331 0.0506671170410404
"last" 0.0418979784225411 0.0192759936774741 0.0329684821310827 0.0506671170410404
"mine" 0.0837959568450822 0.0269863911484637 0.0131873928524331 0.0211112987671002
"never" 0.0628469676338117 0.0192759936774741 0.0461558749835158 0.0253335585205202
"nigh" 0.0366607311197235 0.0539727822969274 0.0329684821310827 0.0168890390136801
"only" 0.0523724730281764 0.0231311924129689 0.0263747857048661 0.0422225975342003
"sake" 0.0261862365140882 0.0192759936774741 0.0527495714097323 0.0506671170410404
"shew" 0.0471352257253587 0.0308415898839585 0.0263747857048661 0.0380003377807803
"whose" 0.0523724730281764 0.0385519873549482 0.0263747857048661 0.0253335585205202
"alone" 0.057609720330994 0.0308415898839585 0.0395621785572992 0.0168890390136801
"angels" 0.0104744946056353 0.0346967886194533 0.0329684821310827 0.0548893767944604
"bear" 0.0785587095422646 0.0308415898839585 0.0131873928524331 0.0168890390136801
"blood" 0.0314234838169058 0.0308415898839585 0.0197810892786496 0.0506671170410404
"faith" 0 0.0462623848259378 0.0329684821310827 0.0506671170410404
"james" 0 0.0308415898839585 0.0989054463932481 0.0253335585205202
"kill" 0.0471352257253587 0.0231311924129689 0.0329684821310827 0.0380003377807803
"new" 0.0104744946056353 0.0346967886194533 0.0659369642621654 0.0337780780273602
"priest" 0.0523724730281764 0.0154207949419793 0.0593432678359488 0.0253335585205202
"taught" 0.0418979784225411 0.0308415898839585 0.0593432678359488 0.0168890390136801
"until" 0.0104744946056353 0.0385519873549482 0.0131873928524331 0.0633338963013005
"yourselves" 0.0157117419084529 0.0539727822969274 0.0263747857048661 0.0337780780273602
"baptized" 0.0261862365140882 0.0269863911484637 0.0527495714097323 0.0337780780273602
"born" 0.0890332041478999 0.0115655962064844 0.00659369642621654 0.0295558182739402
"both" 0.0523724730281764 0.0385519873549482 0.0131873928524331 0.0253335585205202
"elias" 0.0104744946056353 0.0308415898839585 0.0593432678359488 0.0380003377807803
"gathered" 0.0104744946056353 0.0269863911484637 0.0329684821310827 0.0591116365478804
"land" 0.0261862365140882 0.0269863911484637 0.0329684821310827 0.0464448572876203
"none" 0.0418979784225411 0.0385519873549482 0.0329684821310827 0.0211112987671002
"o" 0.0104744946056353 0.0269863911484637 0.0131873928524331 0.0717784158081405
"opened" 0.0418979784225411 0.0308415898839585 0.0197810892786496 0.0380003377807803
"very" 0.0209489892112706 0.042407186090443 0.0329684821310827 0.0337780780273602
"daughter" 0.00523724730281764 0.0346967886194533 0.0527495714097323 0.0380003377807803
"die" 0.0890332041478999 0.0154207949419793 0.0197810892786496 0.0126667792602601
"doth" 0.0261862365140882 0.0385519873549482 0.0197810892786496 0.0380003377807803
"seed" 0.0157117419084529 0.0231311924129689 0.0461558749835158 0.0464448572876203
"seven" 0 0.0308415898839585 0.0593432678359488 0.0422225975342003
"whence" 0.0680842149366293 0.0192759936774741 0.0197810892786496 0.0253335585205202
"except" 0.0680842149366293 0.0115655962064844 0.0263747857048661 0.0253335585205202
"judaea" 0.0314234838169058 0.0308415898839585 0.0263747857048661 0.0337780780273602
"night" 0.0366607311197235 0.0308415898839585 0.0329684821310827 0.0253335585205202
"passover" 0.0523724730281764 0.0269863911484637 0.0329684821310827 0.0168890390136801
"such" 0.0209489892112706 0.0231311924129689 0.0659369642621654 0.0253335585205202
"third" 0.0209489892112706 0.0385519873549482 0.0329684821310827 0.0295558182739402
"thus" 0.0366607311197235 0.0539727822969274 0.00659369642621654 0.0168890390136801
"thyself" 0.0418979784225411 0.0346967886194533 0.0197810892786496 0.0253335585205202
"wilt" 0.0261862365140882 0.0192759936774741 0.0329684821310827 0.0464448572876203
"authority" 0.00523724730281764 0.0346967886194533 0.0527495714097323 0.0295558182739402
"besought" 0.0209489892112706 0.0385519873549482 0.0395621785572992 0.0211112987671002
"elders" 0 0.0192759936774741 0.0461558749835158 0.0548893767944604
"ground" 0.0314234838169058 0.0269863911484637 0.0527495714097323 0.0168890390136801
"joseph" 0.0209489892112706 0.0385519873549482 0.0131873928524331 0.0380003377807803
"judas" 0.0471352257253587 0.0192759936774741 0.0197810892786496 0.0337780780273602
"long" 0.0209489892112706 0.0308415898839585 0.0461558749835158 0.0253335585205202
"midst" 0.0366607311197235 0.0385519873549482 0.0263747857048661 0.0168890390136801
"sign" 0.0104744946056353 0.0308415898839585 0.0263747857048661 0.0464448572876203
"disciple" 0.0837959568450822 0.0154207949419793 0 0.0168890390136801
"flesh" 0.0680842149366293 0.00771039747098963 0.0263747857048661 0.0211112987671002
"gone" 0.0261862365140882 0.0269863911484637 0.0329684821310827 0.0295558182739402
"joy" 0.0418979784225411 0.0385519873549482 0 0.0253335585205202
"judge" 0.0628469676338117 0.0308415898839585 0 0.0168890390136801
"loved" 0.115219440661988 0.00385519873549481 0.00659369642621654 0
"mountain" 0.0209489892112706 0.0192759936774741 0.0329684821310827 0.0422225975342003
"old" 0.0157117419084529 0.042407186090443 0.0197810892786496 0.0295558182739402
"taketh" 0.0261862365140882 0.0269863911484637 0.0395621785572992 0.0253335585205202
"thence" 0.0104744946056353 0.0115655962064844 0.0395621785572992 0.0548893767944604
"wise" 0.0104744946056353 0.0154207949419793 0.00659369642621654 0.0717784158081405
"within" 0.00523724730281764 0.042407186090443 0.0329684821310827 0.0295558182739402
"worthy" 0.00523724730281764 0.0462623848259378 0.00659369642621654 0.0422225975342003
"afraid" 0.0209489892112706 0.0192759936774741 0.0461558749835158 0.0295558182739402
"angel" 0.0104744946056353 0.0578279810324222 0 0.0253335585205202
"beginning" 0.0523724730281764 0.0154207949419793 0.0197810892786496 0.0253335585205202
"call" 0.0157117419084529 0.0269863911484637 0.0263747857048661 0.0380003377807803
"crucified" 0.0314234838169058 0.0154207949419793 0.0329684821310827 0.0337780780273602
"darkness" 0.0366607311197235 0.0231311924129689 0.00659369642621654 0.0380003377807803
"face" 0.00523724730281764 0.0462623848259378 0.0131873928524331 0.0337780780273602
"forgive" 0 0.0308415898839585 0.0395621785572992 0.0380003377807803
"hold" 0 0.0269863911484637 0.0527495714097323 0.0337780780273602
"lo" 0.0104744946056353 0.0346967886194533 0.0263747857048661 0.0337780780273602
"manner" 0.0157117419084529 0.0346967886194533 0.0197810892786496 0.0337780780273602
"poor" 0.0209489892112706 0.0346967886194533 0.0329684821310827 0.0211112987671002
"risen" 0.0104744946056353 0.0269863911484637 0.0461558749835158 0.0295558182739402
"round" 0.00523724730281764 0.0346967886194533 0.0659369642621654 0.0126667792602601
"suffer" 0 0.0346967886194533 0.0395621785572992 0.0337780780273602
"synagogue" 0.0209489892112706 0.0346967886194533 0.0527495714097323 0.00844451950684006
"true" 0.104744946056353 0.00385519873549481 0.00659369642621654 0.00422225975342003
"under" 0.0104744946056353 0.0308415898839585 0.0329684821310827 0.0337780780273602
"vineyard" 0 0.0308415898839585 0.0329684821310827 0.0422225975342003
"end" 0.0104744946056353 0.0154207949419793 0.0197810892786496 0.0548893767944604
"field" 0 0.0231311924129689 0.00659369642621654 0.0633338963013005
"goeth" 0.0261862365140882 0.0115655962064844 0.0329684821310827 0.0380003377807803
"lawful" 0.0104744946056353 0.0192759936774741 0.0395621785572992 0.0380003377807803
"loaves" 0.0209489892112706 0.0115655962064844 0.0527495714097323 0.0295558182739402
"nazareth" 0.0261862365140882 0.0308415898839585 0.0329684821310827 0.0168890390136801
"receiveth" 0.0366607311197235 0.0154207949419793 0.0131873928524331 0.0380003377807803
"sinners" 0.00523724730281764 0.042407186090443 0.0329684821310827 0.0211112987671002
"watch" 0 0.0154207949419793 0.0527495714097323 0.0422225975342003
"depart" 0.0157117419084529 0.0346967886194533 0.0197810892786496 0.0253335585205202
"destroy" 0.0104744946056353 0.0192759936774741 0.0395621785572992 0.0337780780273602
"ears" 0 0.0231311924129689 0.0461558749835158 0.0337780780273602
"glorified" 0.0628469676338117 0.0231311924129689 0.00659369642621654 0.00844451950684006
"indeed" 0.0366607311197235 0.0154207949419793 0.0329684821310827 0.0211112987671002
"kept" 0.0471352257253587 0.0231311924129689 0.0131873928524331 0.0168890390136801
"mercy" 0 0.0385519873549482 0.0131873928524331 0.0380003377807803
"mouth" 0.00523724730281764 0.0308415898839585 0 0.0506671170410404
"sitting" 0.0157117419084529 0.0231311924129689 0.0329684821310827 0.0295558182739402
"touched" 0 0.0308415898839585 0.0395621785572992 0.0295558182739402
"whether" 0.0157117419084529 0.0269863911484637 0.0263747857048661 0.0295558182739402
"wilderness" 0.0209489892112706 0.0269863911484637 0.0329684821310827 0.0211112987671002
"wine" 0.0314234838169058 0.0269863911484637 0.0329684821310827 0.0126667792602601
"years" 0.0157117419084529 0.0539727822969274 0.0131873928524331 0.00844451950684006
"able" 0.0104744946056353 0.0308415898839585 0.00659369642621654 0.0380003377807803
"believeth" 0.0890332041478999 0 0.0197810892786496 0
"doeth" 0.0628469676338117 0.0115655962064844 0 0.0211112987671002
"led" 0.0157117419084529 0.0346967886194533 0.0263747857048661 0.0168890390136801
"looked" 0.0104744946056353 0.0269863911484637 0.0725306606883819 0
"passed" 0.0157117419084529 0.0154207949419793 0.0593432678359488 0.0168890390136801
"saved" 0.0157117419084529 0.0269863911484637 0.0329684821310827 0.0211112987671002
"sight" 0.0209489892112706 0.042407186090443 0.0131873928524331 0.0126667792602601
"thought" 0.0104744946056353 0.0308415898839585 0.0131873928524331 0.0337780780273602
"young" 0.0104744946056353 0.00771039747098963 0.0329684821310827 0.0464448572876203
"commandment" 0.0366607311197235 0.00771039747098963 0.0329684821310827 0.0211112987671002
"cup" 0.00523724730281764 0.0192759936774741 0.0329684821310827 0.0337780780273602
"door" 0.0366607311197235 0.0115655962064844 0.0329684821310827 0.0168890390136801
"fall" 0.00523724730281764 0.0308415898839585 0.00659369642621654 0.0380003377807803
"far" 0.00523724730281764 0.0269863911484637 0.0461558749835158 0.0168890390136801
"hearts" 0 0.0462623848259378 0.0263747857048661 0.0126667792602601
"hid" 0.00523724730281764 0.0346967886194533 0.0131873928524331 0.0295558182739402
"marvelled" 0.0104744946056353 0.0231311924129689 0.0263747857048661 0.0295558182739402
"need" 0.00523724730281764 0.0269863911484637 0.0263747857048661 0.0295558182739402
"prison" 0.00523724730281764 0.0192759936774741 0.0197810892786496 0.0422225975342003
"returned" 0 0.0655383785034118 0.00659369642621654 0.00422225975342003
"righteous" 0.0104744946056353 0.0154207949419793 0.00659369642621654 0.0506671170410404
"seeth" 0.073321462239447 0.00385519873549481 0.00659369642621654 0.0126667792602601
"soul" 0.00523724730281764 0.0231311924129689 0.0329684821310827 0.0295558182739402
"walk" 0.0418979784225411 0.0231311924129689 0.0131873928524331 0.0126667792602601
"whither" 0.0890332041478999 0.00771039747098963 0 0
"women" 0 0.042407186090443 0.0131873928524331 0.0253335585205202
"yea" 0.0261862365140882 0.0269863911484637 0 0.0295558182739402
"answer" 0.0104744946056353 0.0308415898839585 0.0197810892786496 0.0211112987671002
"betrayed" 0.0104744946056353 0.00771039747098963 0.0263747857048661 0.0422225975342003
"ever" 0.0523724730281764 0.0115655962064844 0.0131873928524331 0.0126667792602601
"fishes" 0.0261862365140882 0.0154207949419793 0.0329684821310827 0.0168890390136801
"forgiven" 0 0.0308415898839585 0.0263747857048661 0.0253335585205202
"gather" 0.0157117419084529 0.0154207949419793 0.00659369642621654 0.0422225975342003
"honour" 0.0523724730281764 0.00385519873549481 0.0197810892786496 0.0168890390136801
"knoweth" 0.0418979784225411 0.0115655962064844 0.0131873928524331 0.0211112987671002
"lifted" 0.057609720330994 0.0154207949419793 0.0131873928524331 0.00422225975342003
"living" 0.0314234838169058 0.0269863911484637 0.0131873928524331 0.0126667792602601
"lose" 0.0104744946056353 0.0269863911484637 0.0263747857048661 0.0211112987671002
"multitudes" 0 0.00771039747098963 0 0.0675561560547205
"named" 0.0157117419084529 0.042407186090443 0.0131873928524331 0.00844451950684006
"perish" 0.0209489892112706 0.0269863911484637 0.00659369642621654 0.0253335585205202
"ready" 0.00523724730281764 0.0346967886194533 0.0197810892786496 0.0211112987671002
"rich" 0 0.0501175835614326 0.0131873928524331 0.0126667792602601
"sayest" 0.0471352257253587 0.0154207949419793 0.0197810892786496 0.00844451950684006
"sin" 0.0837959568450822 0 0 0.00844451950684006
"stand" 0.00523724730281764 0.0231311924129689 0.0395621785572992 0.0211112987671002
"synagogues" 0.00523724730281764 0.0269863911484637 0.0197810892786496 0.0295558182739402
"unclean" 0 0.0231311924129689 0.0659369642621654 0.00844451950684006
"understand" 0.0104744946056353 0.00771039747098963 0.0395621785572992 0.0337780780273602
"worship" 0.0471352257253587 0.0115655962064844 0.00659369642621654 0.0211112987671002
"bed" 0.0261862365140882 0.0154207949419793 0.0395621785572992 0.00844451950684006
"betray" 0.0314234838169058 0.00771039747098963 0.0263747857048661 0.0211112987671002
"cross" 0.0209489892112706 0.0115655962064844 0.0329684821310827 0.0211112987671002
"false" 0 0.0115655962064844 0.0329684821310827 0.0380003377807803
"fast" 0 0.0154207949419793 0.0395621785572992 0.0295558182739402
"gentiles" 0.0104744946056353 0.0192759936774741 0.0131873928524331 0.0337780780273602
"heal" 0.0104744946056353 0.0308415898839585 0.0131873928524331 0.0211112987671002
"hypocrites" 0 0.00771039747098963 0.00659369642621654 0.0591116365478804
"keep" 0.0523724730281764 0.0154207949419793 0.00659369642621654 0.00844451950684006
"killed" 0 0.0269863911484637 0.0395621785572992 0.0168890390136801
"ought" 0.0209489892112706 0.0231311924129689 0.0263747857048661 0.0126667792602601
"publicans" 0 0.0269863911484637 0.0197810892786496 0.0295558182739402
"rebuked" 0 0.0308415898839585 0.0329684821310827 0.0168890390136801
"reward" 0 0.0115655962064844 0.00659369642621654 0.0548893767944604
"satan" 0.00523724730281764 0.0231311924129689 0.0395621785572992 0.0168890390136801
"thereof" 0.0209489892112706 0.0115655962064844 0.00659369642621654 0.0380003377807803
"think" 0.0209489892112706 0.00771039747098963 0.00659369642621654 0.0422225975342003
"turned" 0.0209489892112706 0.0308415898839585 0.0131873928524331 0.0126667792602601
"wherefore" 0.00523724730281764 0.0115655962064844 0 0.0548893767944604
"work" 0.0523724730281764 0.00385519873549481 0.0197810892786496 0.0126667792602601
"according" 0.0104744946056353 0.0346967886194533 0.00659369642621654 0.0168890390136801
"arise" 0.00523724730281764 0.0231311924129689 0.0197810892786496 0.0253335585205202
"bare" 0.0418979784225411 0.0192759936774741 0.0131873928524331 0.00422225975342003
"bringeth" 0.0104744946056353 0.0154207949419793 0.00659369642621654 0.0380003377807803
"capernaum" 0.0261862365140882 0.0154207949419793 0.0197810892786496 0.0168890390136801
"charged" 0 0.0115655962064844 0.0593432678359488 0.0168890390136801
"clothes" 0.0209489892112706 0.0192759936774741 0.0263747857048661 0.0126667792602601
"concerning" 0.0209489892112706 0.0269863911484637 0.0131873928524331 0.0126667792602601
"deliver" 0 0.0115655962064844 0.0197810892786496 0.0422225975342003
"drew" 0.0157117419084529 0.0269863911484637 0.0131873928524331 0.0168890390136801
"eternal" 0.0471352257253587 0.00771039747098963 0.0197810892786496 0.00844451950684006
"garment" 0 0.0115655962064844 0.0395621785572992 0.0295558182739402
"heareth" 0.0314234838169058 0.0154207949419793 0 0.0253335585205202
"heed" 0 0.0231311924129689 0.0395621785572992 0.0168890390136801
"husbandmen" 0 0.0192759936774741 0.0329684821310827 0.0253335585205202
"leave" 0.0261862365140882 0.0115655962064844 0.0263747857048661 0.0168890390136801
"mighty" 0 0.0269863911484637 0.0197810892786496 0.0253335585205202
"money" 0.0104744946056353 0.0154207949419793 0.0197810892786496 0.0295558182739402
"myself" 0.073321462239447 0.00771039747098963 0 0
"philip" 0.0628469676338117 0.00771039747098963 0.00659369642621654 0.00422225975342003
"rather" 0.00523724730281764 0.0269863911484637 0.0131873928524331 0.0253335585205202
"resurrection" 0.0209489892112706 0.0192759936774741 0.0131873928524331 0.0211112987671002
"ruler" 0.0104744946056353 0.0231311924129689 0.0197810892786496 0.0211112987671002
"soon" 0.0261862365140882 0.0231311924129689 0.0263747857048661 0.00422225975342003
"troubled" 0.0366607311197235 0.0154207949419793 0.0131873928524331 0.0126667792602601
"wind" 0.0104744946056353 0.0154207949419793 0.0395621785572992 0.0168890390136801
"abide" 0.0523724730281764 0.0115655962064844 0.00659369642621654 0.00422225975342003
"abroad" 0.0104744946056353 0.0154207949419793 0.0263747857048661 0.0211112987671002
"adultery" 0.0104744946056353 0.0115655962064844 0.0197810892786496 0.0295558182739402
"astonished" 0 0.0192759936774741 0.0461558749835158 0.0126667792602601
"bound" 0.0209489892112706 0.0115655962064844 0.0263747857048661 0.0168890390136801
"brake" 0.0104744946056353 0.0192759936774741 0.0329684821310827 0.0126667792602601
"clean" 0.0209489892112706 0.0154207949419793 0.0131873928524331 0.0211112987671002
"crucify" 0.0314234838169058 0.00771039747098963 0.0263747857048661 0.0126667792602601
"feared" 0.00523724730281764 0.0231311924129689 0.0329684821310827 0.0126667792602601
"gospel" 0 0.0154207949419793 0.0395621785572992 0.0211112987671002
"hell" 0 0.0115655962064844 0.0197810892786496 0.0380003377807803
"hither" 0.0261862365140882 0.0192759936774741 0.00659369642621654 0.0168890390136801
"hundred" 0.0261862365140882 0.0154207949419793 0.0263747857048661 0.00844451950684006
"jordan" 0.0157117419084529 0.00771039747098963 0.0263747857048661 0.0253335585205202
"lazarus" 0.057609720330994 0.0154207949419793 0 0
"live" 0.0418979784225411 0.0154207949419793 0.00659369642621654 0.00844451950684006
"lost" 0.0157117419084529 0.0269863911484637 0.00659369642621654 0.0168890390136801
"nation" 0.0261862365140882 0.0154207949419793 0.0197810892786496 0.0126667792602601
"parables" 0 0.00385519873549481 0.0395621785572992 0.0337780780273602
"prayed" 0.00523724730281764 0.0269863911484637 0.0263747857048661 0.0126667792602601
"preached" 0 0.0231311924129689 0.0395621785572992 0.0126667792602601
"sold" 0.0157117419084529 0.0115655962064844 0.0197810892786496 0.0253335585205202
"suffered" 0 0.0231311924129689 0.0329684821310827 0.0168890390136801
"ten" 0 0.0385519873549482 0.00659369642621654 0.0168890390136801
"thorns" 0.0104744946056353 0.0154207949419793 0.0263747857048661 0.0211112987671002
"though" 0.0314234838169058 0.0231311924129689 0 0.0126667792602601
"appeared" 0 0.0192759936774741 0.0263747857048661 0.0211112987671002
"baptist" 0 0.0154207949419793 0.0263747857048661 0.0253335585205202
"bridegroom" 0.0157117419084529 0.00771039747098963 0.0197810892786496 0.0253335585205202
"broken" 0.0314234838169058 0.00771039747098963 0.0197810892786496 0.0126667792602601
"cause" 0.0209489892112706 0.0115655962064844 0.0131873928524331 0.0211112987671002
"compassion" 0 0.0115655962064844 0.0329684821310827 0.0253335585205202
"cut" 0.0104744946056353 0.0154207949419793 0.0263747857048661 0.0168890390136801
"deny" 0 0.0154207949419793 0.0263747857048661 0.0253335585205202
"everlasting" 0.0418979784225411 0.00771039747098963 0 0.0168890390136801
"father^s" 0.0418979784225411 0.0192759936774741 0 0.00422225975342003
"fathers" 0.0261862365140882 0.0269863911484637 0 0.00844451950684006
"fig" 0.0104744946056353 0.0115655962064844 0.0263747857048661 0.0211112987671002
"friends" 0.0157117419084529 0.0346967886194533 0.0131873928524331 0
"governor" 0.0104744946056353 0.0115655962064844 0 0.0380003377807803
"loud" 0.00523724730281764 0.0269863911484637 0.0263747857048661 0.00844451950684006
"offended" 0.00523724730281764 0.00385519873549481 0.0263747857048661 0.0337780780273602
"preach" 0 0.0231311924129689 0.0263747857048661 0.0168890390136801
"raiment" 0.00523724730281764 0.0192759936774741 0.00659369642621654 0.0295558182739402
"scripture" 0.057609720330994 0.00385519873549481 0.0131873928524331 0
"second" 0.0157117419084529 0.0154207949419793 0.0197810892786496 0.0168890390136801
"secret" 0.0157117419084529 0.00771039747098963 0.00659369642621654 0.0337780780273602
"serve" 0.0104744946056353 0.0346967886194533 0 0.0126667792602601
"shewed" 0.0261862365140882 0.0308415898839585 0 0.00422225975342003
"swine" 0 0.0154207949419793 0.0329684821310827 0.0211112987671002
"teaching" 0 0.0192759936774741 0.0197810892786496 0.0253335585205202
"thousand" 0.00523724730281764 0.0115655962064844 0.0329684821310827 0.0211112987671002
"always" 0.0261862365140882 0.00771039747098963 0.0197810892786496 0.0126667792602601
"amazed" 0 0.0154207949419793 0.0461558749835158 0.00844451950684006
"commandments" 0.0209489892112706 0.00771039747098963 0.0197810892786496 0.0168890390136801
"divided" 0 0.0231311924129689 0.0263747857048661 0.0126667792602601
"esaias" 0.0209489892112706 0.00771039747098963 0.00659369642621654 0.0253335585205202
"friend" 0.0157117419084529 0.0231311924129689 0 0.0168890390136801
"insomuch" 0 0.00385519873549481 0.0395621785572992 0.0253335585205202
"jacob" 0.0104744946056353 0.0154207949419793 0.00659369642621654 0.0253335585205202
"just" 0.00523724730281764 0.0231311924129689 0.00659369642621654 0.0211112987671002
"knowest" 0.0471352257253587 0.00771039747098963 0.00659369642621654 0.00422225975342003
"knowing" 0.0209489892112706 0.0115655962064844 0.0263747857048661 0.00844451950684006
"least" 0 0.0231311924129689 0 0.0295558182739402
"martha" 0.0471352257253587 0.0154207949419793 0 0
"morning" 0.0104744946056353 0.00771039747098963 0.0329684821310827 0.0168890390136801
"mount" 0.00523724730281764 0.0231311924129689 0.0197810892786496 0.0126667792602601
"offend" 0.00523724730281764 0.00385519873549481 0.0263747857048661 0.0295558182739402
"parents" 0.0314234838169058 0.0192759936774741 0.00659369642621654 0.00422225975342003
"prepare" 0.0104744946056353 0.0192759936774741 0.0197810892786496 0.0126667792602601
"rejoice" 0.0261862365140882 0.0269863911484637 0 0.00422225975342003
"release" 0.0209489892112706 0.0154207949419793 0.0131873928524331 0.0126667792602601
"sayings" 0.0104744946056353 0.0231311924129689 0 0.0211112987671002
"seeing" 0.0157117419084529 0.0154207949419793 0.0131873928524331 0.0168890390136801
"smote" 0.0104744946056353 0.0192759936774741 0.0131873928524331 0.0168890390136801
"soldiers" 0.0261862365140882 0.0115655962064844 0.00659369642621654 0.0168890390136801
"speaketh" 0.0366607311197235 0.00771039747098963 0 0.0168890390136801
"spirits" 0 0.0231311924129689 0.0263747857048661 0.0126667792602601
"standing" 0.0157117419084529 0.0154207949419793 0.0131873928524331 0.0168890390136801
"teach" 0.0157117419084529 0.00771039747098963 0.0263747857048661 0.0168890390136801
"testimony" 0.0261862365140882 0.0115655962064844 0.0197810892786496 0.00844451950684006
"treasure" 0 0.0231311924129689 0.00659369642621654 0.0253335585205202
"wash" 0.0418979784225411 0.00385519873549481 0.0131873928524331 0.00844451950684006
"withered" 0.0104744946056353 0.0115655962064844 0.0263747857048661 0.0168890390136801
"worshipped" 0.0104744946056353 0.00385519873549481 0.0131873928524331 0.0337780780273602
"abode" 0.0418979784225411 0.0115655962064844 0 0.00422225975342003
"above" 0.0314234838169058 0.0154207949419793 0 0.00844451950684006
"andrew" 0.0261862365140882 0.00385519873549481 0.0263747857048661 0.00844451950684006
"baptism" 0 0.0154207949419793 0.0263747857048661 0.0168890390136801
"beheld" 0.0104744946056353 0.0231311924129689 0.0197810892786496 0.00422225975342003
"better" 0 0.0115655962064844 0.0263747857048661 0.0211112987671002
"bottles" 0 0.0154207949419793 0.0263747857048661 0.0168890390136801
"clothed" 0 0.0115655962064844 0.0263747857048661 0.0211112987671002
"cock" 0.0104744946056353 0.0115655962064844 0.0263747857048661 0.0126667792602601
"colt" 0.00523724730281764 0.0154207949419793 0.0263747857048661 0.0126667792602601
"damsel" 0.00523724730281764 0 0.0593432678359488 0.00844451950684006
"died" 0.0157117419084529 0.0231311924129689 0.0131873928524331 0.00422225975342003
"doctrine" 0.0157117419084529 0.00385519873549481 0.0329684821310827 0.0126667792602601
"dumb" 0 0.0115655962064844 0.0197810892786496 0.0253335585205202
"exceeding" 0 0.00385519873549481 0.0197810892786496 0.0337780780273602
"few" 0 0.0115655962064844 0.0131873928524331 0.0295558182739402
"findeth" 0.0209489892112706 0.00771039747098963 0.00659369642621654 0.0211112987671002
"four" 0.0209489892112706 0.00385519873549481 0.0263747857048661 0.0126667792602601
"garments" 0.0157117419084529 0.00771039747098963 0.0197810892786496 0.0168890390136801
"harvest" 0.0104744946056353 0.0115655962064844 0.00659369642621654 0.0253335585205202
"jonas" 0.0157117419084529 0.0154207949419793 0 0.0211112987671002
"linen" 0.0209489892112706 0.0115655962064844 0.0263747857048661 0.00422225975342003
"magdalene" 0.0157117419084529 0.00771039747098963 0.0263747857048661 0.0126667792602601
"marriage" 0.0104744946056353 0.0115655962064844 0.00659369642621654 0.0253335585205202
"near" 0.0157117419084529 0.0231311924129689 0.00659369642621654 0.00844451950684006
"ointment" 0.0209489892112706 0.0115655962064844 0.0131873928524331 0.0126667792602601
"palsy" 0 0.00771039747098963 0.0329684821310827 0.0211112987671002
"ran" 0.00523724730281764 0.0154207949419793 0.0329684821310827 0.00844451950684006
"read" 0.00523724730281764 0.00771039747098963 0.0197810892786496 0.0253335585205202
"rest" 0.00523724730281764 0.0154207949419793 0.0131873928524331 0.0211112987671002
"sons" 0.0104744946056353 0.0115655962064844 0.0197810892786496 0.0168890390136801
"sun" 0 0.0115655962064844 0.0263747857048661 0.0211112987671002
"sword" 0.0104744946056353 0.0154207949419793 0.00659369642621654 0.0211112987671002
"talents" 0 0 0 0.0506671170410404
"throughout" 0.00523724730281764 0.0269863911484637 0.0197810892786496 0.00422225975342003
"afar" 0 0.0192759936774741 0.0263747857048661 0.00844451950684006
"afterward" 0.00523724730281764 0.0154207949419793 0.0131873928524331 0.0168890390136801
"barabbas" 0.0104744946056353 0.00385519873549481 0.0197810892786496 0.0211112987671002
"bethany" 0.0157117419084529 0.00771039747098963 0.0263747857048661 0.00844451950684006
"bidden" 0 0.0269863911484637 0 0.0168890390136801
"caesar" 0.0104744946056353 0.0192759936774741 0.0131873928524331 0.00844451950684006
"calleth" 0.0104744946056353 0.0154207949419793 0.0263747857048661 0.00422225975342003
"chosen" 0.0261862365140882 0.00771039747098963 0.00659369642621654 0.0126667792602601
"cities" 0 0.0154207949419793 0.0131873928524331 0.0211112987671002
"coasts" 0 0 0.0263747857048661 0.0295558182739402
"company" 0.00523724730281764 0.0385519873549482 0 0
"denied" 0.0209489892112706 0.0115655962064844 0.0131873928524331 0.00844451950684006
"desert" 0.00523724730281764 0.0115655962064844 0.0263747857048661 0.0126667792602601
"faithful" 0 0.0231311924129689 0 0.0211112987671002
"gavest" 0.0366607311197235 0.0154207949419793 0 0
"goods" 0 0.0269863911484637 0.00659369642621654 0.0126667792602601
"hate" 0.0104744946056353 0.0192759936774741 0 0.0168890390136801
"iscariot" 0.0261862365140882 0.00771039747098963 0.0131873928524331 0.00844451950684006
"loveth" 0.0366607311197235 0.00771039747098963 0 0.00844451950684006
"man^s" 0.00523724730281764 0.0192759936774741 0.0131873928524331 0.0126667792602601
"meet" 0.00523724730281764 0.0115655962064844 0.0131873928524331 0.0211112987671002
"met" 0.0209489892112706 0.0115655962064844 0.0131873928524331 0.00844451950684006
"nevertheless" 0.0157117419084529 0.0154207949419793 0.00659369642621654 0.0126667792602601
"olives" 0.00523724730281764 0.0154207949419793 0.0197810892786496 0.0126667792602601
"part" 0.0104744946056353 0.0192759936774741 0.0263747857048661 0
"possessed" 0 0.00385519873549481 0.0263747857048661 0.0253335585205202
"prepared" 0 0.0192759936774741 0.0131873928524331 0.0168890390136801
"putteth" 0.00523724730281764 0.0192759936774741 0.0197810892786496 0.00844451950684006
"raise" 0.0261862365140882 0.00771039747098963 0.00659369642621654 0.0126667792602601
"raised" 0.0157117419084529 0.0154207949419793 0 0.0168890390136801
"season" 0.0104744946056353 0.0231311924129689 0.0131873928524331 0.00422225975342003
"shepherd" 0.0314234838169058 0 0.0131873928524331 0.0126667792602601
"thieves" 0.00523724730281764 0.0115655962064844 0.0131873928524331 0.0211112987671002
"thomas" 0.0418979784225411 0.00385519873549481 0.00659369642621654 0.00422225975342003
"touch" 0.00523724730281764 0.0115655962064844 0.0329684821310827 0.00844451950684006
"truly" 0.0104744946056353 0.0154207949419793 0.0131873928524331 0.0126667792602601
"understood" 0.0157117419084529 0.0115655962064844 0.00659369642621654 0.0168890390136801
"weeping" 0.0157117419084529 0.00771039747098963 0 0.0253335585205202
"wicked" 0 0.00771039747098963 0 0.0380003377807803
"wisdom" 0 0.0269863911484637 0.00659369642621654 0.0126667792602601
"zacharias" 0 0.0385519873549482 0 0.00422225975342003
"already" 0.0314234838169058 0.00385519873549481 0.00659369642621654 0.00844451950684006
"back" 0.0104744946056353 0.0192759936774741 0.00659369642621654 0.00844451950684006
"baskets" 0.00523724730281764 0.00385519873549481 0.0263747857048661 0.0168890390136801
"beat" 0 0.0192759936774741 0.0131873928524331 0.0126667792602601
"beware" 0 0.0115655962064844 0.0131873928524331 0.0211112987671002
"bought" 0 0.0154207949419793 0.0197810892786496 0.0126667792602601
"buy" 0.0157117419084529 0.00771039747098963 0.0131873928524331 0.0126667792602601
"casting" 0 0.0154207949419793 0.0263747857048661 0.00844451950684006
"desired" 0.00523724730281764 0.0231311924129689 0.00659369642621654 0.00844451950684006
"ear" 0.0104744946056353 0.0115655962064844 0.0197810892786496 0.00844451950684006
"else" 0.00523724730281764 0.0115655962064844 0.0131873928524331 0.0168890390136801
"enemies" 0 0.0269863911484637 0.00659369642621654 0.00844451950684006
"gift" 0.00523724730281764 0 0.00659369642621654 0.0337780780273602
"glad" 0.0157117419084529 0.0192759936774741 0.00659369642621654 0.00422225975342003
"glorify" 0.0471352257253587 0 0 0.00422225975342003
"hated" 0.0261862365140882 0.00771039747098963 0.00659369642621654 0.00844451950684006
"held" 0 0.0115655962064844 0.0263747857048661 0.0126667792602601
"hence" 0.0261862365140882 0.0115655962064844 0 0.00844451950684006
"highest" 0 0.0308415898839585 0.00659369642621654 0.00422225975342003
"looking" 0.0104744946056353 0.0154207949419793 0.0197810892786496 0.00422225975342003
"loose" 0.00523724730281764 0.0154207949419793 0.0131873928524331 0.0126667792602601
"nations" 0 0.0154207949419793 0.0131873928524331 0.0168890390136801
"openly" 0.0261862365140882 0 0.0131873928524331 0.0126667792602601
"perceived" 0.00523724730281764 0.0192759936774741 0.00659369642621654 0.0126667792602601
"piece" 0 0.0231311924129689 0.0131873928524331 0.00844451950684006
"prayer" 0 0.0154207949419793 0.0131873928524331 0.0168890390136801
"record" 0.0523724730281764 0 0 0
"remember" 0.0104744946056353 0.0192759936774741 0.00659369642621654 0.00844451950684006
"rent" 0 0.00771039747098963 0.0263747857048661 0.0168890390136801
"repentance" 0 0.0192759936774741 0.0131873928524331 0.0126667792602601
"righteousness" 0.0104744946056353 0.00385519873549481 0 0.0295558182739402
"room" 0 0.0269863911484637 0.0131873928524331 0.00422225975342003
"scriptures" 0.00523724730281764 0.0115655962064844 0.0131873928524331 0.0168890390136801
"seeketh" 0.0261862365140882 0.00385519873549481 0 0.0168890390136801
"sidon" 0 0.0154207949419793 0.0197810892786496 0.0126667792602601
"signs" 0.0104744946056353 0.0115655962064844 0.0197810892786496 0.00844451950684006
"sir" 0.0366607311197235 0 0 0.0126667792602601
"stones" 0.0104744946056353 0.0115655962064844 0.0197810892786496 0.00844451950684006
"supper" 0.0209489892112706 0.0192759936774741 0.00659369642621654 0
"swear" 0 0 0.00659369642621654 0.0380003377807803
"thanks" 0.0104744946056353 0.0154207949419793 0.0131873928524331 0.00844451950684006
"thereon" 0.0104744946056353 0.00771039747098963 0.0131873928524331 0.0168890390136801
"village" 0 0.0308415898839585 0.00659369642621654 0.00422225975342003
"walked" 0.0314234838169058 0 0.0197810892786496 0.00422225975342003
"wept" 0.0104744946056353 0.0154207949419793 0.0197810892786496 0.00422225975342003
"womb" 0.00523724730281764 0.0308415898839585 0 0.00422225975342003
"zebedee" 0.00523724730281764 0.00385519873549481 0.0263747857048661 0.0168890390136801
"begin" 0 0.0308415898839585 0 0.00422225975342003
"behind" 0 0.0154207949419793 0.0197810892786496 0.00844451950684006
"beyond" 0.0157117419084529 0 0.0197810892786496 0.0126667792602601
"build" 0 0.0192759936774741 0.00659369642621654 0.0126667792602601
"canst" 0.0104744946056353 0.00771039747098963 0.0197810892786496 0.00844451950684006
"centurion" 0 0.00771039747098963 0.0197810892786496 0.0168890390136801
"cloud" 0 0.0192759936774741 0.0131873928524331 0.00844451950684006
"command" 0.0104744946056353 0.0115655962064844 0.00659369642621654 0.0126667792602601
"commit" 0.00523724730281764 0.0115655962064844 0.00659369642621654 0.0168890390136801
"condemn" 0.0104744946056353 0.0115655962064844 0.00659369642621654 0.0126667792602601
"condemned" 0.0157117419084529 0.00771039747098963 0.00659369642621654 0.0126667792602601
"counsel" 0.0104744946056353 0.00771039747098963 0.00659369642621654 0.0168890390136801
"crying" 0.00523724730281764 0.00771039747098963 0.0197810892786496 0.0126667792602601
"custom" 0.00523724730281764 0.0192759936774741 0.00659369642621654 0.00844451950684006
"doest" 0.0209489892112706 0.00385519873549481 0.00659369642621654 0.0126667792602601
"early" 0.0157117419084529 0.0115655962064844 0.0131873928524331 0.00422225975342003
"eateth" 0.0261862365140882 0.00385519873549481 0.0131873928524331 0.00422225975342003
"fruits" 0 0.0115655962064844 0 0.0253335585205202
"going" 0.0104744946056353 0.00385519873549481 0.0131873928524331 0.0168890390136801
"hungred" 0 0.00385519873549481 0.00659369642621654 0.0295558182739402
"husband" 0.0209489892112706 0.00771039747098963 0.00659369642621654 0.00844451950684006
"itself" 0.0157117419084529 0.00385519873549481 0.0131873928524331 0.0126667792602601
"journey" 0.00523724730281764 0.0154207949419793 0.0131873928524331 0.00844451950684006
"look" 0.0157117419084529 0.0154207949419793 0.00659369642621654 0.00422225975342003
"marry" 0 0.00771039747098963 0.0131873928524331 0.0211112987671002
"measure" 0.00523724730281764 0.00771039747098963 0.0263747857048661 0.00844451950684006
"ministered" 0 0.00771039747098963 0.0263747857048661 0.0126667792602601
"miracles" 0.0471352257253587 0 0 0
"net" 0.0209489892112706 0.00771039747098963 0.00659369642621654 0.00844451950684006
"pay" 0 0.00385519873549481 0 0.0337780780273602
"possible" 0 0.00385519873549481 0.0329684821310827 0.0126667792602601
"preaching" 0 0.0154207949419793 0.00659369642621654 0.0168890390136801
"repent" 0 0.0192759936774741 0.0131873928524331 0.00844451950684006
"return" 0 0.0192759936774741 0 0.0168890390136801
"revealed" 0.00523724730281764 0.0192759936774741 0 0.0126667792602601
"rock" 0 0.0154207949419793 0.00659369642621654 0.0168890390136801
"root" 0 0.0115655962064844 0.0131873928524331 0.0168890390136801
"rulers" 0.0157117419084529 0.0154207949419793 0.0131873928524331 0
"sadducees" 0 0.00385519873549481 0.00659369642621654 0.0295558182739402
"shut" 0.0104744946056353 0.0154207949419793 0 0.0126667792602601
"sinner" 0.0157117419084529 0.0231311924129689 0 0
"sister" 0.0261862365140882 0.00771039747098963 0.00659369642621654 0.00422225975342003
"sleep" 0.0157117419084529 0.00771039747098963 0.0131873928524331 0.00844451950684006
"sorrowful" 0.00523724730281764 0.00771039747098963 0.0131873928524331 0.0168890390136801
"sown" 0 0 0.0461558749835158 0.00844451950684006
"teeth" 0 0.00385519873549481 0.00659369642621654 0.0295558182739402
"thief" 0.0157117419084529 0.0115655962064844 0.00659369642621654 0.00844451950684006
"thither" 0.0261862365140882 0.00771039747098963 0.00659369642621654 0.00422225975342003
"thoughts" 0 0.0192759936774741 0.00659369642621654 0.0126667792602601
"toward" 0.00523724730281764 0.0154207949419793 0.00659369642621654 0.0126667792602601
"turn" 0 0.0192759936774741 0.00659369642621654 0.0126667792602601
"twain" 0 0 0.0197810892786496 0.0253335585205202
"tyre" 0 0.0115655962064844 0.0197810892786496 0.0126667792602601
"walking" 0.00523724730281764 0.00385519873549481 0.0263747857048661 0.0126667792602601
"washed" 0.0314234838169058 0.00771039747098963 0 0.00422225975342003
"weep" 0.0104744946056353 0.0231311924129689 0.00659369642621654 0
"white" 0.0104744946056353 0.00385519873549481 0.0197810892786496 0.0126667792602601
"whomsoever" 0.00523724730281764 0.0115655962064844 0.0131873928524331 0.0126667792602601
"widow" 0 0.0269863911484637 0.0131873928524331 0
"wrote" 0.0261862365140882 0.00771039747098963 0.0131873928524331 0
"accomplished" 0.00523724730281764 0.0269863911484637 0 0
"accuse" 0.0104744946056353 0.0154207949419793 0.00659369642621654 0.00422225975342003
"air" 0 0.0115655962064844 0.0131873928524331 0.0126667792602601
"altar" 0 0.00771039747098963 0 0.0253335585205202
"anointed" 0.0209489892112706 0.0115655962064844 0.00659369642621654 0
"apostles" 0 0.0231311924129689 0.00659369642621654 0.00422225975342003
"baptize" 0.0104744946056353 0.00771039747098963 0.0131873928524331 0.00844451950684006
"beloved" 0 0.0115655962064844 0.0131873928524331 0.0126667792602601
"bethlehem" 0.00523724730281764 0.00771039747098963 0 0.0211112987671002
"bind" 0 0 0.0131873928524331 0.0253335585205202
"book" 0.00523724730281764 0.0192759936774741 0.00659369642621654 0.00422225975342003
"built" 0 0.0154207949419793 0.00659369642621654 0.0126667792602601
"caiaphas" 0.0261862365140882 0.00385519873549481 0 0.00844451950684006
"corn" 0.00523724730281764 0.00771039747098963 0.0197810892786496 0.00844451950684006
"corrupt" 0 0.00771039747098963 0 0.0253335585205202
"elisabeth" 0 0.0308415898839585 0 0
"fame" 0 0.0115655962064844 0.00659369642621654 0.0168890390136801
"fish" 0.0157117419084529 0.0115655962064844 0 0.00844451950684006
"flee" 0.00523724730281764 0.00771039747098963 0.00659369642621654 0.0168890390136801
"foot" 0.00523724730281764 0.00385519873549481 0.00659369642621654 0.0211112987671002
"get" 0 0.0115655962064844 0.0131873928524331 0.0126667792602601
"giveth" 0.0366607311197235 0 0 0.00422225975342003
"greatest" 0 0.0115655962064844 0.00659369642621654 0.0168890390136801
"hearing" 0 0.0115655962064844 0.0131873928524331 0.0126667792602601
"heavenly" 0.00523724730281764 0.00771039747098963 0 0.0211112987671002
"herd" 0 0.00771039747098963 0.0131873928524331 0.0168890390136801
"houses" 0 0.00771039747098963 0.0197810892786496 0.0126667792602601
"howbeit" 0.0261862365140882 0 0.0131873928524331 0.00422225975342003
"isaac" 0 0.0115655962064844 0.00659369642621654 0.0168890390136801
"kings" 0 0.0154207949419793 0.00659369642621654 0.0126667792602601
"leaven" 0 0.00771039747098963 0.0131873928524331 0.0168890390136801
"mind" 0 0.0154207949419793 0.0197810892786496 0.00422225975342003
"mocked" 0 0.0154207949419793 0.00659369642621654 0.0126667792602601
"morrow" 0 0.0154207949419793 0.00659369642621654 0.0126667792602601
"moved" 0 0 0.0197810892786496 0.0211112987671002
"murmured" 0.0157117419084529 0.0115655962064844 0.00659369642621654 0.00422225975342003
"nay" 0.00523724730281764 0.0154207949419793 0 0.0126667792602601
"neighbour" 0 0.0115655962064844 0.0131873928524331 0.0126667792602601
"officers" 0.0418979784225411 0 0 0
"persecute" 0.0104744946056353 0.00771039747098963 0 0.0168890390136801
"places" 0 0.00771039747098963 0.0131873928524331 0.0168890390136801
"quickly" 0.0104744946056353 0.00771039747098963 0.00659369642621654 0.0126667792602601
"rabbi" 0.0261862365140882 0 0 0.0126667792602601
"reasoned" 0 0.0115655962064844 0.0197810892786496 0.00844451950684006
"reed" 0 0.00385519873549481 0.0131873928524331 0.0211112987671002
"repented" 0 0.00771039747098963 0 0.0253335585205202
"rose" 0.00523724730281764 0.0231311924129689 0.00659369642621654 0
"salt" 0 0.00771039747098963 0.0263747857048661 0.00844451950684006
"seeking" 0.00523724730281764 0.0154207949419793 0.00659369642621654 0.00844451950684006
"sixth" 0.0104744946056353 0.0115655962064844 0.00659369642621654 0.00844451950684006
"solomon" 0 0.0115655962064844 0 0.0211112987671002
"sore" 0 0.00385519873549481 0.0263747857048661 0.0126667792602601
"sow" 0 0.0154207949419793 0.00659369642621654 0.0126667792602601
"sowed" 0 0.00385519873549481 0.00659369642621654 0.0253335585205202
"strong" 0 0.0154207949419793 0.0131873928524331 0.00844451950684006
"table" 0.0104744946056353 0.0154207949419793 0.00659369642621654 0.00422225975342003
"tares" 0 0 0 0.0337780780273602
"temptation" 0 0.0192759936774741 0.00659369642621654 0.00844451950684006
"thank" 0.00523724730281764 0.0231311924129689 0 0.00422225975342003
"thirty" 0.0104744946056353 0.00385519873549481 0.00659369642621654 0.0168890390136801
"town" 0.0157117419084529 0.00385519873549481 0.0197810892786496 0.00422225975342003
"tradition" 0 0 0.0329684821310827 0.0126667792602601
"tribute" 0 0.00771039747098963 0.00659369642621654 0.0211112987671002
"ways" 0.00523724730281764 0.0154207949419793 0.00659369642621654 0.00844451950684006
"wheat" 0.00523724730281764 0.0115655962064844 0 0.0168890390136801
"wherein" 0.00523724730281764 0.0154207949419793 0.00659369642621654 0.00844451950684006
"whoso" 0.00523724730281764 0 0.00659369642621654 0.0253335585205202
"wondered" 0 0.0231311924129689 0.00659369642621654 0.00422225975342003
"worse" 0.0104744946056353 0.00385519873549481 0.0131873928524331 0.0126667792602601
"abundance" 0 0.0115655962064844 0.00659369642621654 0.0126667792602601
"age" 0.0104744946056353 0.0154207949419793 0.00659369642621654 0
"apart" 0 0 0.0131873928524331 0.0211112987671002
"appear" 0 0.00771039747098963 0 0.0211112987671002
"ass" 0.00523724730281764 0.00771039747098963 0 0.0168890390136801
"beelzebub" 0 0.0115655962064844 0.00659369642621654 0.0126667792602601
"beside" 0 0.00771039747098963 0.00659369642621654 0.0168890390136801
"bethsaida" 0.0104744946056353 0.00771039747098963 0.0131873928524331 0.00422225975342003
"blasphemy" 0.00523724730281764 0 0.0131873928524331 0.0168890390136801
"branches" 0.0104744946056353 0.00385519873549481 0.0131873928524331 0.00844451950684006
"caesar^s" 0.00523724730281764 0.00771039747098963 0.0131873928524331 0.00844451950684006
"cleansed" 0 0.0154207949419793 0.00659369642621654 0.00844451950684006
"committeth" 0.00523724730281764 0.00771039747098963 0.0131873928524331 0.00844451950684006
"council" 0.00523724730281764 0.00385519873549481 0.0131873928524331 0.0126667792602601
"crow" 0.00523724730281764 0.00771039747098963 0.0131873928524331 0.00844451950684006
"daily" 0 0.0154207949419793 0.00659369642621654 0.00844451950684006
"desire" 0 0.0115655962064844 0.0263747857048661 0
"divers" 0 0.00771039747098963 0.0197810892786496 0.00844451950684006
"dost" 0.0261862365140882 0.00771039747098963 0 0
"draw" 0.0366607311197235 0 0 0
"easier" 0 0.0115655962064844 0.0131873928524331 0.00844451950684006
"eating" 0 0.0115655962064844 0 0.0168890390136801
"entereth" 0.0104744946056353 0.00385519873549481 0.0197810892786496 0.00422225975342003
"entering" 0 0.00771039747098963 0.0263747857048661 0.00422225975342003
"fault" 0.0157117419084529 0.00771039747098963 0.00659369642621654 0.00422225975342003
"fever" 0.00523724730281764 0.00771039747098963 0.0131873928524331 0.00844451950684006
"fled" 0 0.00385519873549481 0.0263747857048661 0.00844451950684006
"following" 0.0261862365140882 0.00385519873549481 0.00659369642621654 0
"forbid" 0 0.0154207949419793 0.0131873928524331 0.00422225975342003
"foundation" 0.00523724730281764 0.0154207949419793 0 0.00844451950684006
"fowls" 0 0.0115655962064844 0.0131873928524331 0.00844451950684006
"fragments" 0.0104744946056353 0.00385519873549481 0.0197810892786496 0.00422225975342003
"free" 0.0209489892112706 0 0.00659369642621654 0.00844451950684006
"gained" 0 0.0115655962064844 0 0.0168890390136801
"gnashing" 0 0.00385519873549481 0 0.0253335585205202
"goest" 0.0209489892112706 0.00771039747098963 0 0.00422225975342003
"greatly" 0.00523724730281764 0 0.0263747857048661 0.00844451950684006
"hall" 0.0209489892112706 0.00385519873549481 0.00659369642621654 0.00422225975342003
"heavy" 0 0.00385519873549481 0.0131873928524331 0.0168890390136801
"henceforth" 0.0104744946056353 0.0115655962064844 0 0.00844451950684006
"juda" 0 0.0154207949419793 0.00659369642621654 0.00844451950684006
"labourers" 0 0.00771039747098963 0 0.0211112987671002
"lead" 0 0.0115655962064844 0.0131873928524331 0.00844451950684006
"loosed" 0 0.0115655962064844 0.00659369642621654 0.0126667792602601
"lying" 0.0157117419084529 0.00771039747098963 0.00659369642621654 0.00422225975342003
"miracle" 0.0209489892112706 0.00385519873549481 0.0131873928524331 0
"most" 0 0.0192759936774741 0.00659369642621654 0.00422225975342003
"mountains" 0 0.00771039747098963 0.0197810892786496 0.00844451950684006
"naked" 0.00523724730281764 0 0.0131873928524331 0.0168890390136801
"name^s" 0.00523724730281764 0.00771039747098963 0.00659369642621654 0.0126667792602601
"offer" 0 0.0154207949419793 0.00659369642621654 0.00844451950684006
"oil" 0 0.0115655962064844 0.00659369642621654 0.0126667792602601
"ones" 0 0.00385519873549481 0.0131873928524331 0.0168890390136801
"palace" 0.00523724730281764 0.00385519873549481 0.0131873928524331 0.0126667792602601
"penny" 0 0.00385519873549481 0.00659369642621654 0.0211112987671002
"perceive" 0.0104744946056353 0.00385519873549481 0.0197810892786496 0.00422225975342003
"pieces" 0 0.00385519873549481 0.00659369642621654 0.0211112987671002
"planted" 0 0.0154207949419793 0.00659369642621654 0.00844451950684006
"pleased" 0 0.00385519873549481 0.0131873928524331 0.0168890390136801
"pluck" 0.0104744946056353 0 0.0131873928524331 0.0126667792602601
"question" 0.00523724730281764 0.00385519873549481 0.0263747857048661 0.00422225975342003
"reason" 0.0104744946056353 0.00771039747098963 0.0131873928524331 0.00422225975342003
"region" 0 0.0115655962064844 0.0131873928524331 0.00844451950684006
"rejected" 0 0.0154207949419793 0.0131873928524331 0.00422225975342003
"riches" 0 0.0115655962064844 0.0197810892786496 0.00422225975342003
"seats" 0 0.0115655962064844 0.0131873928524331 0.00844451950684006
"shoes" 0 0.0154207949419793 0.00659369642621654 0.00844451950684006
"shouldest" 0.0157117419084529 0.00385519873549481 0.00659369642621654 0.00844451950684006
"silver" 0 0.00385519873549481 0 0.0253335585205202
"since" 0.00523724730281764 0.0154207949419793 0.00659369642621654 0.00422225975342003
"sisters" 0.00523724730281764 0.00385519873549481 0.0197810892786496 0.00844451950684006
"six" 0.0157117419084529 0.00771039747098963 0.00659369642621654 0.00422225975342003
"spit" 0 0 0.0329684821310827 0.00844451950684006
"staves" 0 0.00771039747098963 0.0131873928524331 0.0126667792602601
"steal" 0.00523724730281764 0.00385519873549481 0.00659369642621654 0.0168890390136801
"steward" 0 0.0231311924129689 0 0.00422225975342003
"still" 0.0157117419084529 0.00385519873549481 0.0131873928524331 0.00422225975342003
"stranger" 0.00523724730281764 0.00771039747098963 0 0.0168890390136801
"streets" 0 0.0115655962064844 0.00659369642621654 0.0126667792602601
"tarry" 0.0157117419084529 0.00771039747098963 0.00659369642621654 0.00422225975342003
"tempting" 0.00523724730281764 0.00385519873549481 0.0131873928524331 0.0126667792602601
"therein" 0.00523724730281764 0.0115655962064844 0.0131873928524331 0.00422225975342003
"thirst" 0.0314234838169058 0 0 0.00422225975342003
"thrice" 0.00523724730281764 0.00771039747098963 0.0131873928524331 0.00844451950684006
"times" 0 0.0115655962064844 0 0.0168890390136801
"trees" 0.00523724730281764 0.00771039747098963 0.0131873928524331 0.00844451950684006
"vinegar" 0.0157117419084529 0.00385519873549481 0.00659369642621654 0.00844451950684006
"watched" 0 0.0154207949419793 0.00659369642621654 0.00844451950684006
"wedding" 0 0.00771039747098963 0 0.0211112987671002
"week" 0.0104744946056353 0.00771039747098963 0.0131873928524331 0.00422225975342003
"wherewith" 0.0104744946056353 0.00771039747098963 0.0131873928524331 0.00422225975342003
"willing" 0.00523724730281764 0.0115655962064844 0.00659369642621654 0.00844451950684006
"winds" 0 0.00385519873549481 0.00659369642621654 0.0211112987671002
"witnesses" 0 0.00385519873549481 0.00659369642621654 0.0211112987671002
"year" 0.0157117419084529 0.0154207949419793 0 0
"abideth" 0.0314234838169058 0 0 0
"alms" 0 0.00771039747098963 0 0.0168890390136801
"appointed" 0 0.0115655962064844 0 0.0126667792602601
"ashamed" 0 0.0154207949419793 0.0131873928524331 0
"asleep" 0 0.00385519873549481 0.0131873928524331 0.0126667792602601
"beam" 0 0.0115655962064844 0 0.0126667792602601
"become" 0.00523724730281764 0.00385519873549481 0.0131873928524331 0.00844451950684006
"between" 0.00523724730281764 0.0115655962064844 0 0.00844451950684006
"bid" 0 0.0115655962064844 0 0.0126667792602601
"borne" 0.0104744946056353 0.00385519873549481 0.00659369642621654 0.00844451950684006
"branch" 0.0209489892112706 0 0.00659369642621654 0.00422225975342003
"bury" 0.00523724730281764 0.00771039747098963 0 0.0126667792602601
"calling" 0 0.00771039747098963 0.0197810892786496 0.00422225975342003
"candle" 0 0.0154207949419793 0.00659369642621654 0.00422225975342003
"caught" 0.0104744946056353 0.00385519873549481 0.00659369642621654 0.00844451950684006
"ceased" 0 0.0115655962064844 0.0131873928524331 0.00422225975342003
"choked" 0 0.0115655962064844 0.0131873928524331 0.00422225975342003
"confess" 0.0104744946056353 0.00771039747098963 0 0.00844451950684006
"damnation" 0.00523724730281764 0.00385519873549481 0.0131873928524331 0.00844451950684006
"deceive" 0 0 0.0131873928524331 0.0168890390136801
"deeds" 0.0209489892112706 0.00771039747098963 0 0
"defile" 0 0 0.0263747857048661 0.00844451950684006
"didst" 0.00523724730281764 0.00771039747098963 0 0.0126667792602601
"dogs" 0 0.00385519873549481 0.0131873928524331 0.0126667792602601
"dream" 0 0 0 0.0253335585205202
"drinking" 0 0.0115655962064844 0 0.0126667792602601
"dwelt" 0.0104744946056353 0.00771039747098963 0 0.00844451950684006
"east" 0 0.00385519873549481 0 0.0211112987671002
"eaten" 0.0104744946056353 0.00771039747098963 0.00659369642621654 0.00422225975342003
"either" 0.00523724730281764 0.0115655962064844 0 0.00844451950684006
"evening" 0.00523724730281764 0.00385519873549481 0.00659369642621654 0.0126667792602601
"exalted" 0 0.0154207949419793 0 0.00844451950684006
"exercise" 0 0.00771039747098963 0.0131873928524331 0.00844451950684006
"fellow" 0.00523724730281764 0.00771039747098963 0 0.0126667792602601
"forthwith" 0.00523724730281764 0 0.0197810892786496 0.00844451950684006
"gate" 0 0.0115655962064844 0 0.0126667792602601
"god^s" 0.00523724730281764 0.00771039747098963 0.00659369642621654 0.00844451950684006
"hail" 0.00523724730281764 0.00385519873549481 0.00659369642621654 0.0126667792602601
"hair" 0.0104744946056353 0.00385519873549481 0.00659369642621654 0.00844451950684006
"hateth" 0.0314234838169058 0 0 0
"hereafter" 0.0157117419084529 0.00385519873549481 0.00659369642621654 0.00422225975342003
"herodias" 0 0.00385519873549481 0.0197810892786496 0.00844451950684006
"herself" 0.0104744946056353 0.00771039747098963 0.00659369642621654 0.00422225975342003
"hewn" 0 0.00771039747098963 0.00659369642621654 0.0126667792602601
"hill" 0 0.0192759936774741 0 0.00422225975342003
"home" 0.0104744946056353 0.00771039747098963 0.00659369642621654 0.00422225975342003
"hosanna" 0.00523724730281764 0 0.0131873928524331 0.0126667792602601
"impossible" 0 0.0115655962064844 0.00659369642621654 0.00844451950684006
"inherit" 0 0.00771039747098963 0.00659369642621654 0.0126667792602601
"interpreted" 0.0104744946056353 0 0.0197810892786496 0.00422225975342003
"jericho" 0 0.0115655962064844 0.0131873928524331 0.00422225975342003
"kiss" 0 0.0154207949419793 0.00659369642621654 0.00422225975342003
"lame" 0 0.00771039747098963 0 0.0168890390136801
"lift" 0.00523724730281764 0.0154207949419793 0 0.00422225975342003
"lord^s" 0 0.0115655962064844 0.00659369642621654 0.00844451950684006
"lots" 0.0104744946056353 0.00385519873549481 0.00659369642621654 0.00844451950684006
"maid" 0 0.00771039747098963 0.00659369642621654 0.0126667792602601
"maimed" 0 0.00771039747098963 0.00659369642621654 0.0126667792602601
"manifest" 0.0261862365140882 0.00385519873549481 0 0
"minister" 0 0.00385519873549481 0.0131873928524331 0.0126667792602601
"mote" 0 0.0115655962064844 0 0.0126667792602601
"nathanael" 0.0314234838169058 0 0 0
"nets" 0 0.00771039747098963 0.0131873928524331 0.00844451950684006
"next" 0.0157117419084529 0.00385519873549481 0.00659369642621654 0.00422225975342003
"ninth" 0 0.00385519873549481 0.0131873928524331 0.0126667792602601
"open" 0.0104744946056353 0.00771039747098963 0 0.00844451950684006
"parted" 0.00523724730281764 0.00771039747098963 0.00659369642621654 0.00844451950684006
"perfect" 0.00523724730281764 0.00771039747098963 0 0.0126667792602601
"pharisee" 0 0.0192759936774741 0 0.00422225975342003
"pound" 0.0104744946056353 0.0154207949419793 0 0
"praise" 0.0157117419084529 0.00771039747098963 0 0.00422225975342003
"preparation" 0.0157117419084529 0.00385519873549481 0.00659369642621654 0.00422225975342003
"press" 0 0.0115655962064844 0.0197810892786496 0
"priest^s" 0.00523724730281764 0.0115655962064844 0 0.00844451950684006
"prince" 0.0157117419084529 0 0.00659369642621654 0.00844451950684006
"privately" 0 0.00771039747098963 0.0197810892786496 0.00422225975342003
"publican" 0 0.0154207949419793 0 0.00844451950684006
"rejoiced" 0.00523724730281764 0.0154207949419793 0 0.00422225975342003
"remembered" 0.0157117419084529 0.00771039747098963 0 0.00422225975342003
"required" 0 0.0231311924129689 0 0
"robe" 0.0104744946056353 0.00771039747098963 0 0.00844451950684006
"salvation" 0.00523724730281764 0.0192759936774741 0 0
"samaria" 0.0261862365140882 0.00385519873549481 0 0
"scattered" 0.0104744946056353 0.00385519873549481 0.00659369642621654 0.00844451950684006
"scourge" 0.00523724730281764 0.00385519873549481 0.00659369642621654 0.0126667792602601
"scrip" 0 0.0154207949419793 0.00659369642621654 0.00422225975342003
"sell" 0 0.0115655962064844 0.00659369642621654 0.00844451950684006
"shaken" 0 0.0115655962064844 0.00659369642621654 0.00844451950684006
"simon^s" 0.0104744946056353 0.0115655962064844 0.00659369642621654 0
"sodom" 0 0.00771039747098963 0.00659369642621654 0.0126667792602601
"soever" 0.0157117419084529 0 0.0197810892786496 0
"spread" 0 0.00385519873549481 0.0197810892786496 0.00844451950684006
"straight" 0.00523724730281764 0.0115655962064844 0.00659369642621654 0.00422225975342003
"stretched" 0 0.00385519873549481 0.00659369642621654 0.0168890390136801
"sure" 0.0104744946056353 0.00385519873549481 0 0.0126667792602601
"swords" 0 0.00771039747098963 0.0131873928524331 0.00844451950684006
"taking" 0.00523724730281764 0.0115655962064844 0.00659369642621654 0.00422225975342003
"talked" 0.00523724730281764 0.0115655962064844 0.00659369642621654 0.00422225975342003
"testify" 0.0261862365140882 0.00385519873549481 0 0
"tetrarch" 0 0.0192759936774741 0 0.00422225975342003
"thrust" 0.0104744946056353 0.0154207949419793 0 0
"tolerable" 0 0.00771039747098963 0.00659369642621654 0.0126667792602601
"tombs" 0 0.00385519873549481 0.0197810892786496 0.00844451950684006
"treasury" 0.00523724730281764 0.00385519873549481 0.0197810892786496 0.00422225975342003
"trespasses" 0 0 0.0131873928524331 0.0168890390136801
"understanding" 0 0.0115655962064844 0.0131873928524331 0.00422225975342003
"unjust" 0 0.0192759936774741 0 0.00422225975342003
"villages" 0 0.00385519873549481 0.0197810892786496 0.00844451950684006
"vine" 0.0157117419084529 0.00385519873549481 0.00659369642621654 0.00422225975342003
"wheresoever" 0 0.00385519873549481 0.0197810892786496 0.00844451950684006
"wrapped" 0.00523724730281764 0.0115655962064844 0.00659369642621654 0.00422225975342003
"write" 0.0104744946056353 0.0115655962064844 0.00659369642621654 0
"accusation" 0.00523724730281764 0.00771039747098963 0.00659369642621654 0.00422225975342003
"alive" 0 0.0115655962064844 0.00659369642621654 0.00422225975342003
"amen" 0.00523724730281764 0.00385519873549481 0.00659369642621654 0.00844451950684006
"aside" 0.00523724730281764 0.00385519873549481 0.0131873928524331 0.00422225975342003
"asketh" 0.00523724730281764 0.00771039747098963 0 0.00844451950684006
"assembled" 0.00523724730281764 0 0.00659369642621654 0.0126667792602601
"bade" 0 0.0154207949419793 0 0.00422225975342003
"beareth" 0.0209489892112706 0 0 0.00422225975342003
"becometh" 0 0 0.0131873928524331 0.0126667792602601
"beholding" 0 0.0115655962064844 0.00659369642621654 0.00422225975342003
"belly" 0.00523724730281764 0.00385519873549481 0.00659369642621654 0.00844451950684006
"bosom" 0.0104744946056353 0.0115655962064844 0 0
"break" 0 0 0 0.0211112987671002
"brother^s" 0 0.00771039747098963 0.00659369642621654 0.00844451950684006
"burn" 0 0.0115655962064844 0 0.00844451950684006
"carried" 0 0.0115655962064844 0.00659369642621654 0.00422225975342003
"carry" 0.0104744946056353 0.00385519873549481 0.0131873928524331 0
"clay" 0.0261862365140882 0 0 0
"cloth" 0 0 0.0197810892786496 0.00844451950684006
"coat" 0.0157117419084529 0.00385519873549481 0 0.00422225975342003
"continued" 0.0157117419084529 0.00771039747098963 0 0
"converted" 0.00523724730281764 0.00385519873549481 0.00659369642621654 0.00844451950684006
"crew" 0.00523724730281764 0.00385519873549481 0.0131873928524331 0.00422225975342003
"cry" 0 0.00771039747098963 0.00659369642621654 0.00844451950684006
"danger" 0 0 0.00659369642621654 0.0168890390136801
"deaf" 0 0.00385519873549481 0.0197810892786496 0.00422225975342003
"descending" 0.0157117419084529 0 0.00659369642621654 0.00422225975342003
"desiring" 0 0.00771039747098963 0 0.0126667792602601
"desolation" 0 0.00771039747098963 0.00659369642621654 0.00844451950684006
"diseases" 0 0.0115655962064844 0.00659369642621654 0.00422225975342003
"doubt" 0.00523724730281764 0.00385519873549481 0.00659369642621654 0.00844451950684006
"doves" 0.0104744946056353 0 0.00659369642621654 0.00844451950684006
"drinketh" 0.0209489892112706 0 0.00659369642621654 0
"elect" 0 0.00385519873549481 0.0131873928524331 0.00844451950684006
"empty" 0 0.0115655962064844 0.00659369642621654 0.00422225975342003
"ended" 0.00523724730281764 0.0115655962064844 0 0.00422225975342003
"enemy" 0 0.00385519873549481 0 0.0168890390136801
"enough" 0 0.00771039747098963 0.00659369642621654 0.00844451950684006
"eunuchs" 0 0 0 0.0211112987671002
"finger" 0.0157117419084529 0.00771039747098963 0 0
"finish" 0.0104744946056353 0.0115655962064844 0 0
"finished" 0.0104744946056353 0 0 0.0126667792602601
"followeth" 0.00523724730281764 0.00385519873549481 0.0131873928524331 0.00422225975342003
"forty" 0.00523724730281764 0.00385519873549481 0.00659369642621654 0.00844451950684006
"further" 0 0.00771039747098963 0.0131873928524331 0.00422225975342003
"garden" 0.0209489892112706 0.00385519873549481 0 0
"generations" 0 0.00385519873549481 0 0.0168890390136801
"gifts" 0 0.0115655962064844 0 0.00844451950684006
"gold" 0 0 0 0.0211112987671002
"goodman" 0 0.00771039747098963 0.00659369642621654 0.00844451950684006
"grace" 0.0209489892112706 0.00385519873549481 0 0
"grain" 0 0.00771039747098963 0.00659369642621654 0.00844451950684006
"grass" 0.00523724730281764 0.00385519873549481 0.00659369642621654 0.00844451950684006
"grew" 0 0.0115655962064844 0.0131873928524331 0
"grow" 0 0.00385519873549481 0.00659369642621654 0.0126667792602601
"hanged" 0 0.00771039747098963 0.00659369642621654 0.00844451950684006
"haste" 0 0.0154207949419793 0.00659369642621654 0
"hebrew" 0.0209489892112706 0.00385519873549481 0 0
"help" 0 0.00771039747098963 0.0131873928524331 0.00422225975342003
"hired" 0 0.00771039747098963 0.00659369642621654 0.00844451950684006
"honoureth" 0.0157117419084529 0 0.00659369642621654 0.00422225975342003
"hundredfold" 0 0.00385519873549481 0.00659369642621654 0.0126667792602601
"hunger" 0.00523724730281764 0.0115655962064844 0 0.00422225975342003
"idle" 0 0.00385519873549481 0 0.0168890390136801
"iniquity" 0 0.00385519873549481 0 0.0168890390136801
"issue" 0 0.00771039747098963 0.00659369642621654 0.00844451950684006
"joses" 0 0 0.0197810892786496 0.00844451950684006
"judged" 0.00523724730281764 0.00771039747098963 0 0.00844451950684006
"justified" 0 0.0115655962064844 0 0.00844451950684006
"keepeth" 0.0209489892112706 0.00385519873549481 0 0
"lake" 0 0.0192759936774741 0 0
"lamps" 0 0 0 0.0211112987671002
"lawyers" 0 0.0192759936774741 0 0
"leaves" 0 0 0.0197810892786496 0.00844451950684006
"lepers" 0 0.0115655962064844 0 0.00844451950684006
"levi" 0 0.0154207949419793 0.00659369642621654 0
"liken" 0 0.00771039747098963 0.00659369642621654 0.00844451950684006
"lovest" 0.0261862365140882 0 0 0
"married" 0 0.00771039747098963 0.0131873928524331 0.00422225975342003
"marvel" 0.0209489892112706 0 0.00659369642621654 0
"means" 0.00523724730281764 0.0115655962064844 0 0.00422225975342003
"merry" 0 0.0192759936774741 0 0
"mustard" 0 0.00771039747098963 0.00659369642621654 0.00844451950684006
"neighbours" 0.00523724730281764 0.0154207949419793 0 0
"nicodemus" 0.0261862365140882 0 0 0
"nine" 0 0.0115655962064844 0 0.00844451950684006
"noe" 0 0.0115655962064844 0 0.00844451950684006
"notwithstanding" 0 0.00771039747098963 0 0.0126667792602601
"obey" 0 0.00771039747098963 0.0131873928524331 0.00422225975342003
"parts" 0.00523724730281764 0.00385519873549481 0.00659369642621654 0.00844451950684006
"pence" 0.00523724730281764 0.00771039747098963 0.00659369642621654 0.00422225975342003
"pool" 0.0261862365140882 0 0 0
"pounds" 0 0.0192759936774741 0 0
"praying" 0 0.0154207949419793 0.00659369642621654 0
"presence" 0.00523724730281764 0.0154207949419793 0 0
"present" 0.00523724730281764 0.0154207949419793 0 0
"prophesied" 0.00523724730281764 0.00385519873549481 0.00659369642621654 0.00844451950684006
"pull" 0 0.0154207949419793 0 0.00422225975342003
"purple" 0.0104744946056353 0.00385519873549481 0.0131873928524331 0
"quenched" 0 0 0.0329684821310827 0
"reign" 0 0.0154207949419793 0 0.00422225975342003
"remain" 0.0209489892112706 0.00385519873549481 0 0
"remained" 0.00523724730281764 0.00771039747098963 0 0.00844451950684006
"remission" 0 0.0115655962064844 0.00659369642621654 0.00422225975342003
"rolled" 0 0.00385519873549481 0.0131873928524331 0.00844451950684006
"samaritans" 0.0157117419084529 0.00385519873549481 0 0.00422225975342003
"shake" 0 0.00771039747098963 0.00659369642621654 0.00844451950684006
"shed" 0 0.00771039747098963 0.00659369642621654 0.00844451950684006
"ships" 0 0.0154207949419793 0.00659369642621654 0
"sitteth" 0 0.0154207949419793 0 0.00422225975342003
"slew" 0 0.00385519873549481 0 0.0168890390136801
"smite" 0 0.00385519873549481 0.00659369642621654 0.0126667792602601
"sorrow" 0.0209489892112706 0.00385519873549481 0 0
"sower" 0 0.00385519873549481 0.0131873928524331 0.00844451950684006
"speakest" 0.0157117419084529 0.00385519873549481 0 0.00422225975342003
"spent" 0 0.0115655962064844 0.0131873928524331 0
"sprung" 0 0.00385519873549481 0 0.0168890390136801
"straitly" 0 0.00385519873549481 0.0197810892786496 0.00422225975342003
"superscription" 0 0.00771039747098963 0.0131873928524331 0.00422225975342003
"surely" 0.00523724730281764 0.00771039747098963 0.00659369642621654 0.00422225975342003
"taste" 0.00523724730281764 0.00771039747098963 0.00659369642621654 0.00422225975342003
"tempt" 0 0.00771039747098963 0.00659369642621654 0.00844451950684006
"throne" 0 0.00385519873549481 0 0.0168890390136801
"tongue" 0.00523724730281764 0.00771039747098963 0.0131873928524331 0
"tribulation" 0.00523724730281764 0 0.00659369642621654 0.0126667792602601
"trouble" 0 0.0115655962064844 0.00659369642621654 0.00422225975342003
"unbelief" 0 0 0.0197810892786496 0.00844451950684006
"unleavened" 0 0.00771039747098963 0.0131873928524331 0.00422225975342003
"vehemently" 0 0.0154207949419793 0.00659369642621654 0
"visited" 0 0.0115655962064844 0 0.00844451950684006
"wars" 0 0.00385519873549481 0.0131873928524331 0.00844451950684006
"wast" 0.0157117419084529 0 0.00659369642621654 0.00422225975342003
"whereon" 0.00523724730281764 0.0115655962064844 0.00659369642621654 0
"whereunto" 0 0.0115655962064844 0.00659369642621654 0.00422225975342003
"wouldest" 0.0209489892112706 0.00385519873549481 0 0
"wrath" 0.00523724730281764 0.0115655962064844 0 0.00422225975342003
"wrought" 0.00523724730281764 0 0.0131873928524331 0.00844451950684006
"abraham^s" 0.0157117419084529 0.00385519873549481 0 0
"accounted" 0 0.0115655962064844 0.00659369642621654 0
"accused" 0 0.00771039747098963 0.00659369642621654 0.00422225975342003
"added" 0 0.0115655962064844 0 0.00422225975342003
"adversary" 0 0.00771039747098963 0 0.00844451950684006
"agree" 0 0 0.00659369642621654 0.0126667792602601
"alphaeus" 0 0.00385519873549481 0.0131873928524331 0.00422225975342003
"angry" 0.00523724730281764 0.00771039747098963 0 0.00422225975342003
"anoint" 0 0.00385519873549481 0.0131873928524331 0.00422225975342003
"answerest" 0.00523724730281764 0 0.0131873928524331 0.00422225975342003
"answereth" 0 0.00385519873549481 0.0197810892786496 0
"arimathaea" 0.00523724730281764 0.00385519873549481 0.00659369642621654 0.00422225975342003
"asunder" 0 0 0.0131873928524331 0.00844451950684006
"avenge" 0 0.0154207949419793 0 0
"babe" 0 0.0154207949419793 0 0
"babylon" 0 0 0 0.0168890390136801
"band" 0.0104744946056353 0 0.00659369642621654 0.00422225975342003
"baptizing" 0.0157117419084529 0 0 0.00422225975342003
"begotten" 0.0209489892112706 0 0 0
"beheaded" 0 0.00385519873549481 0.0131873928524331 0.00422225975342003
"believest" 0.0157117419084529 0.00385519873549481 0 0
"blasphemies" 0 0.00385519873549481 0.0131873928524331 0.00422225975342003
"bowed" 0.00523724730281764 0.00771039747098963 0 0.00422225975342003
"box" 0 0.00385519873549481 0.0131873928524331 0.00422225975342003
"camel" 0 0.00385519873549481 0.00659369642621654 0.00844451950684006
"cana" 0.0209489892112706 0 0 0
"candlestick" 0 0.00771039747098963 0.00659369642621654 0.00422225975342003
"care" 0 0.0115655962064844 0 0.00422225975342003
"chains" 0 0.00385519873549481 0.0197810892786496 0
"charger" 0 0 0.0131873928524331 0.00844451950684006
"cheer" 0.00523724730281764 0 0.00659369642621654 0.00844451950684006
"clothe" 0 0.00771039747098963 0 0.00844451950684006
"clouds" 0 0 0.0131873928524331 0.00844451950684006
"coats" 0 0.00771039747098963 0.00659369642621654 0.00422225975342003
"comfort" 0.00523724730281764 0.00385519873549481 0.00659369642621654 0.00422225975342003
"comforted" 0.00523724730281764 0.00385519873549481 0 0.00844451950684006
"comforter" 0.0209489892112706 0 0 0
"committed" 0.00523724730281764 0.00385519873549481 0.00659369642621654 0.00422225975342003
"conceived" 0 0.0115655962064844 0 0.00422225975342003
"consider" 0.00523724730281764 0.00771039747098963 0 0.00422225975342003
"crown" 0.0104744946056353 0 0.00659369642621654 0.00422225975342003
"curse" 0 0.00385519873549481 0.00659369642621654 0.00844451950684006
"danced" 0 0.00385519873549481 0.00659369642621654 0.00844451950684006
"deep" 0.00523724730281764 0.0115655962064844 0 0
"defileth" 0 0 0.00659369642621654 0.0126667792602601
"descended" 0 0.00385519873549481 0 0.0126667792602601
"despiseth" 0 0.0154207949419793 0 0
"devoured" 0 0.00771039747098963 0.00659369642621654 0.00422225975342003
"digged" 0 0.00385519873549481 0.00659369642621654 0.00844451950684006
"diligently" 0 0.00385519873549481 0 0.0126667792602601
"discern" 0 0.00771039747098963 0 0.00844451950684006
"disease" 0.00523724730281764 0 0 0.0126667792602601
"diseased" 0.00523724730281764 0 0.00659369642621654 0.00844451950684006
"division" 0.0157117419084529 0.00385519873549481 0 0
"doing" 0 0.00385519873549481 0.00659369642621654 0.00844451950684006
"doors" 0.0104744946056353 0 0.00659369642621654 0.00422225975342003
"dove" 0.00523724730281764 0.00385519873549481 0.00659369642621654 0.00422225975342003
"drank" 0.00523724730281764 0.00771039747098963 0.00659369642621654 0
"draught" 0 0.00771039747098963 0.00659369642621654 0.00422225975342003
"due" 0 0.00771039747098963 0 0.00844451950684006
"durst" 0.00523724730281764 0.00385519873549481 0.00659369642621654 0.00422225975342003
"dust" 0 0.00771039747098963 0.00659369642621654 0.00422225975342003
"dwelleth" 0.0157117419084529 0 0 0.00422225975342003
"egypt" 0 0 0 0.0168890390136801
"eight" 0.0104744946056353 0.00771039747098963 0 0
"eleven" 0 0.00771039747098963 0.00659369642621654 0.00422225975342003
"faithless" 0.00523724730281764 0.00385519873549481 0.00659369642621654 0.00422225975342003
"fasting" 0 0 0.0131873928524331 0.00844451950684006
"fed" 0 0.00771039747098963 0.00659369642621654 0.00422225975342003
"feed" 0.0157117419084529 0.00385519873549481 0 0
"feeding" 0 0.00771039747098963 0.00659369642621654 0.00422225975342003
"fields" 0.00523724730281764 0.00771039747098963 0.00659369642621654 0
"fifty" 0.0104744946056353 0.00771039747098963 0 0
"fill" 0.00523724730281764 0 0 0.0126667792602601
"fishers" 0 0 0.0131873928524331 0.00844451950684006
"flood" 0 0.00771039747098963 0 0.00844451950684006
"foolish" 0 0 0 0.0168890390136801
"fools" 0 0.00771039747098963 0 0.00844451950684006
"footstool" 0 0.00385519873549481 0.00659369642621654 0.00844451950684006
"forgave" 0 0.00771039747098963 0 0.00844451950684006
"forsaken" 0 0 0.00659369642621654 0.0126667792602601
"forsook" 0 0.00385519873549481 0.0131873928524331 0.00422225975342003
"galilaeans" 0.00523724730281764 0.0115655962064844 0 0
"gathereth" 0.00523724730281764 0.00385519873549481 0 0.00844451950684006
"grave" 0.0209489892112706 0 0 0
"graves" 0.00523724730281764 0.00385519873549481 0 0.00844451950684006
"hairs" 0 0.0115655962064844 0 0.00422225975342003
"halt" 0.00523724730281764 0.00385519873549481 0.00659369642621654 0.00422225975342003
"hardly" 0 0.00771039747098963 0.00659369642621654 0.00422225975342003
"hardness" 0 0 0.0197810892786496 0.00422225975342003
"healing" 0 0.00771039747098963 0 0.00844451950684006
"hearest" 0.0104744946056353 0 0 0.00844451950684006
"heavens" 0 0.00385519873549481 0.00659369642621654 0.00844451950684006
"household" 0 0.00385519873549481 0 0.0126667792602601
"householder" 0 0 0 0.0168890390136801
"housetop" 0 0.00771039747098963 0.00659369642621654 0.00422225975342003
"indignation" 0 0.00385519873549481 0.00659369642621654 0.00844451950684006
"infirmities" 0 0.0115655962064844 0 0.00422225975342003
"inheritance" 0 0.00771039747098963 0.00659369642621654 0.00422225975342003
"kind" 0 0.00385519873549481 0.00659369642621654 0.00844451950684006
"kissed" 0 0.00771039747098963 0.00659369642621654 0.00422225975342003
"knewest" 0.00523724730281764 0.00771039747098963 0 0.00422225975342003
"leadeth" 0.00523724730281764 0 0.00659369642621654 0.00844451950684006
"learn" 0 0 0.00659369642621654 0.0126667792602601
"lend" 0 0.0154207949419793 0 0
"leper" 0 0 0.0131873928524331 0.00844451950684006
"leprosy" 0 0.00771039747098963 0.00659369642621654 0.00422225975342003
"lightning" 0 0.00771039747098963 0 0.00844451950684006
"likened" 0 0 0 0.0168890390136801
"liveth" 0.0209489892112706 0 0 0
"makest" 0.0104744946056353 0.00771039747098963 0 0
"maketh" 0.00523724730281764 0.00385519873549481 0.00659369642621654 0.00422225975342003
"mammon" 0 0.0115655962064844 0 0.00422225975342003
"markets" 0 0.00771039747098963 0 0.00844451950684006
"masters" 0 0.00385519873549481 0 0.0126667792602601
"matthew" 0 0.00385519873549481 0.00659369642621654 0.00844451950684006
"measures" 0 0.0115655962064844 0 0.00422225975342003
"men^s" 0 0.00771039747098963 0 0.00844451950684006
"merciful" 0 0.0115655962064844 0 0.00422225975342003
"months" 0.00523724730281764 0.0115655962064844 0 0
"mother^s" 0.0104744946056353 0.00385519873549481 0 0.00422225975342003
"mourn" 0 0.00385519873549481 0 0.0126667792602601
"murder" 0 0.00771039747098963 0.00659369642621654 0.00422225975342003
"neck" 0 0.00771039747098963 0.00659369642621654 0.00422225975342003
"needs" 0.00523724730281764 0.00385519873549481 0.00659369642621654 0.00422225975342003
"ninety" 0 0.00771039747098963 0 0.00844451950684006
"oft" 0 0 0.00659369642621654 0.0126667792602601
"often" 0 0.00771039747098963 0.00659369642621654 0.00422225975342003
"oxen" 0.0104744946056353 0.00385519873549481 0 0.00422225975342003
"patience" 0 0.00771039747098963 0 0.00844451950684006
"person" 0 0.00385519873549481 0.00659369642621654 0.00844451950684006
"physician" 0 0.00771039747098963 0.00659369642621654 0.00422225975342003
"plainly" 0.0209489892112706 0 0 0
"portion" 0 0.0115655962064844 0 0.00422225975342003
"poured" 0.00523724730281764 0 0.00659369642621654 0.00844451950684006
"powers" 0 0.00771039747098963 0.00659369642621654 0.00422225975342003
"prayers" 0 0.0115655962064844 0.00659369642621654 0
"promised" 0 0.00771039747098963 0.00659369642621654 0.00422225975342003
"prophesy" 0 0.00385519873549481 0.00659369642621654 0.00844451950684006
"purse" 0 0.0115655962064844 0.00659369642621654 0
"reap" 0.00523724730281764 0.00385519873549481 0 0.00844451950684006
"rebuke" 0 0.00771039747098963 0.00659369642621654 0.00422225975342003
"released" 0 0.00385519873549481 0.0131873928524331 0.00422225975342003
"remembrance" 0.00523724730281764 0.00771039747098963 0.00659369642621654 0
"render" 0 0.00385519873549481 0.00659369642621654 0.00844451950684006
"restored" 0 0.00385519873549481 0.0131873928524331 0.00422225975342003
"rising" 0 0.00385519873549481 0.0197810892786496 0
"rooms" 0 0.00771039747098963 0.00659369642621654 0.00422225975342003
"running" 0 0.00385519873549481 0.0197810892786496 0
"sacrifice" 0 0.00385519873549481 0.00659369642621654 0.00844451950684006
"sakes" 0.0157117419084529 0 0.00659369642621654 0
"salute" 0 0.00385519873549481 0.00659369642621654 0.00844451950684006
"seemed" 0 0.0115655962064844 0 0.00422225975342003
"sendeth" 0 0.00385519873549481 0.0131873928524331 0.00422225975342003
"sepulchres" 0 0.00771039747098963 0 0.00844451950684006
"serpents" 0 0.00385519873549481 0.00659369642621654 0.00844451950684006
"shepherds" 0 0.0154207949419793 0 0
"shining" 0.00523724730281764 0.00771039747098963 0.00659369642621654 0
"shore" 0.00523724730281764 0 0.00659369642621654 0.00844451950684006
"shortened" 0 0 0.0131873928524331 0.00844451950684006
"sickness" 0.00523724730281764 0 0 0.0126667792602601
"sinned" 0.00523724730281764 0.00771039747098963 0 0.00422225975342003
"sky" 0 0.00385519873549481 0 0.0126667792602601
"sleepeth" 0.00523724730281764 0.00385519873549481 0.00659369642621654 0.00422225975342003
"slept" 0 0 0 0.0168890390136801
"small" 0.0104744946056353 0 0.0131873928524331 0
"sop" 0.0209489892112706 0 0 0
"sorry" 0 0 0.00659369642621654 0.0126667792602601
"sound" 0.00523724730281764 0.00385519873549481 0 0.00844451950684006
"south" 0 0.0115655962064844 0 0.00422225975342003
"soweth" 0.0104744946056353 0 0.00659369642621654 0.00422225975342003
"sparrows" 0 0.00771039747098963 0 0.00844451950684006
"speech" 0.00523724730281764 0 0.0131873928524331 0.00422225975342003
"spices" 0.00523724730281764 0.00771039747098963 0.00659369642621654 0
"spoil" 0 0 0.0131873928524331 0.00844451950684006
"sprang" 0 0.00771039747098963 0.0131873928524331 0
"star" 0 0 0 0.0168890390136801
"stature" 0 0.0115655962064844 0 0.00422225975342003
"stony" 0 0 0.0131873928524331 0.00844451950684006
"strangers" 0.00523724730281764 0 0 0.0126667792602601
"strawed" 0 0 0.00659369642621654 0.0126667792602601
"strength" 0 0.00771039747098963 0.0131873928524331 0
"stretch" 0.00523724730281764 0.00385519873549481 0.00659369642621654 0.00422225975342003
"suck" 0 0.00771039747098963 0.00659369642621654 0.00422225975342003
"suddenly" 0 0.00771039747098963 0.0131873928524331 0
"suppose" 0.00523724730281764 0.0115655962064844 0 0
"supposed" 0 0.00771039747098963 0.00659369642621654 0.00422225975342003
"sweareth" 0 0 0 0.0168890390136801
"tabernacles" 0.00523724730281764 0.00385519873549481 0.00659369642621654 0.00422225975342003
"tables" 0.00523724730281764 0 0.0131873928524331 0.00422225975342003
"tarried" 0.00523724730281764 0.00771039747098963 0 0.00422225975342003
"teachest" 0 0.00771039747098963 0.00659369642621654 0.00422225975342003
"tempted" 0 0.00771039747098963 0.00659369642621654 0.00422225975342003
"thinkest" 0 0.00385519873549481 0 0.0126667792602601
"thrown" 0 0.00771039747098963 0.00659369642621654 0.00422225975342003
"tied" 0 0.00385519873549481 0.0131873928524331 0.00422225975342003
"torment" 0 0.00771039747098963 0.00659369642621654 0.00422225975342003
"touching" 0 0.00385519873549481 0.00659369642621654 0.00844451950684006
"tower" 0 0.00771039747098963 0.00659369642621654 0.00422225975342003
"towns" 0 0.00771039747098963 0.0131873928524331 0
"trust" 0.00523724730281764 0.00385519873549481 0.00659369642621654 0.00422225975342003
"trusted" 0 0.0115655962064844 0 0.00422225975342003
"uttermost" 0 0 0.0131873928524331 0.00844451950684006
"vipers" 0 0.00385519873549481 0 0.0126667792602601
"warmed" 0.0157117419084529 0 0.00659369642621654 0
"warned" 0 0.00385519873549481 0 0.0126667792602601
"waves" 0 0.00385519873549481 0.00659369642621654 0.00844451950684006
"waxed" 0 0.0115655962064844 0 0.00422225975342003
"west" 0 0.00771039747098963 0 0.00844451950684006
"widows" 0 0.00771039747098963 0.00659369642621654 0.00422225975342003
"wist" 0.00523724730281764 0.00385519873549481 0.0131873928524331 0
"writing" 0.00523724730281764 0.00385519873549481 0 0.00844451950684006
"abased" 0 0.00771039747098963 0 0.00422225975342003
"abia" 0 0.00385519873549481 0 0.00844451950684006
"abomination" 0 0.00385519873549481 0.00659369642621654 0.00422225975342003
"account" 0 0.00385519873549481 0 0.00844451950684006
"adulterous" 0 0 0.00659369642621654 0.00844451950684006
"affrighted" 0 0.00385519873549481 0.0131873928524331 0
"ago" 0 0.00385519873549481 0.00659369642621654 0.00422225975342003
"agreed" 0.00523724730281764 0 0.00659369642621654 0.00422225975342003
"alabaster" 0 0.00385519873549481 0.00659369642621654 0.00422225975342003
"aminadab" 0 0.00385519873549481 0 0.00844451950684006
"annas" 0.0104744946056353 0.00385519873549481 0 0
"appoint" 0 0.00771039747098963 0 0.00422225975342003
"aram" 0 0.00385519873549481 0 0.00844451950684006
"ariseth" 0.00523724730281764 0 0.00659369642621654 0.00422225975342003
"arms" 0 0.00385519873549481 0.0131873928524331 0
"arrayed" 0 0.00771039747098963 0 0.00422225975342003
"astray" 0 0 0 0.0126667792602601
"awake" 0.00523724730281764 0.00385519873549481 0.00659369642621654 0
"aware" 0 0.00771039747098963 0 0.00422225975342003
"babes" 0 0.00385519873549481 0 0.00844451950684006
"barren" 0 0.0115655962064844 0 0
"bartholomew" 0 0.00385519873549481 0.00659369642621654 0.00422225975342003
"bearing" 0.00523724730281764 0.00385519873549481 0.00659369642621654 0
"beaten" 0 0.00771039747098963 0.00659369642621654 0
"beckoned" 0.00523724730281764 0.00771039747098963 0 0
"begged" 0.00523724730281764 0.00385519873549481 0 0.00422225975342003
"beholdest" 0 0.00771039747098963 0 0.00422225975342003
"believing" 0.0104744946056353 0 0 0.00422225975342003
"beseech" 0 0.00771039747098963 0.00659369642621654 0
"beseeching" 0 0.00385519873549481 0.00659369642621654 0.00422225975342003
"bethphage" 0 0.00385519873549481 0.00659369642621654 0.00422225975342003
"betrayeth" 0.00523724730281764 0.00385519873549481 0.00659369642621654 0
"bill" 0 0.00771039747098963 0.00659369642621654 0
"birds" 0 0.00385519873549481 0 0.00844451950684006
"birth" 0.00523724730281764 0.00385519873549481 0 0.00422225975342003
"blew" 0.00523724730281764 0 0 0.00844451950684006
"booz" 0 0.00385519873549481 0 0.00844451950684006
"borders" 0 0 0.00659369642621654 0.00844451950684006
"breast" 0.0104744946056353 0.00385519873549481 0 0
"bridechamber" 0 0.00385519873549481 0.00659369642621654 0.00422225975342003
"bringing" 0 0.00385519873549481 0.00659369642621654 0.00422225975342003
"builders" 0 0.00385519873549481 0.00659369642621654 0.00422225975342003
"buildings" 0 0 0.0131873928524331 0.00422225975342003
"burdens" 0 0.00771039747098963 0 0.00422225975342003
"burned" 0.00523724730281764 0 0 0.00844451950684006
"bush" 0 0.00771039747098963 0.00659369642621654 0
"bushel" 0 0.00385519873549481 0.00659369642621654 0.00422225975342003
"calf" 0 0.0115655962064844 0 0
"callest" 0 0.00385519873549481 0.00659369642621654 0.00422225975342003
"calm" 0 0.00385519873549481 0.00659369642621654 0.00422225975342003
"camest" 0.0104744946056353 0 0 0.00422225975342003
"captains" 0 0.00771039747098963 0.00659369642621654 0
"cares" 0 0.00771039747098963 0.00659369642621654 0
"carest" 0 0 0.0131873928524331 0.00422225975342003
"case" 0.00523724730281764 0 0 0.00844451950684006
"casteth" 0 0.00385519873549481 0.00659369642621654 0.00422225975342003
"catch" 0 0.00771039747098963 0.00659369642621654 0
"charge" 0 0.00385519873549481 0.00659369642621654 0.00422225975342003
"children^s" 0 0 0.0131873928524331 0.00422225975342003
"church" 0 0 0 0.0126667792602601
"clearly" 0 0.00385519873549481 0.00659369642621654 0.00422225975342003
"cloak" 0.00523724730281764 0.00385519873549481 0 0.00422225975342003
"clothing" 0 0 0.00659369642621654 0.00844451950684006
"cold" 0.00523724730281764 0 0 0.00844451950684006
"commandeth" 0 0.00771039747098963 0.00659369642621654 0
"communed" 0 0.0115655962064844 0 0
"compel" 0 0.00385519873549481 0.00659369642621654 0.00422225975342003
"condemnation" 0.0104744946056353 0.00385519873549481 0 0
"constrained" 0 0.00385519873549481 0.00659369642621654 0.00422225975342003
"continue" 0.0104744946056353 0 0 0.00422225975342003
"corner" 0 0.00385519873549481 0.00659369642621654 0.00422225975342003
"countenance" 0 0.00385519873549481 0 0.00844451950684006
"covered" 0 0.00385519873549481 0 0.00844451950684006
"crumbs" 0 0.00385519873549481 0.00659369642621654 0.00422225975342003
"cured" 0.00523724730281764 0.00385519873549481 0 0.00422225975342003
"dark" 0.0104744946056353 0.00385519873549481 0 0
"darkened" 0 0.00385519873549481 0.00659369642621654 0.00422225975342003
"debt" 0 0 0 0.0126667792602601
"debtors" 0 0.00771039747098963 0 0.00422225975342003
"decapolis" 0 0 0.0131873928524331 0.00422225975342003
"declare" 0.00523724730281764 0 0 0.00844451950684006
"declared" 0.0104744946056353 0.00385519873549481 0 0
"demanded" 0 0.00771039747098963 0 0.00422225975342003
"den" 0 0.00385519873549481 0.00659369642621654 0.00422225975342003
"despise" 0 0.00385519873549481 0 0.00844451950684006
"destroyed" 0 0.00771039747098963 0 0.00422225975342003
"devour" 0 0.00385519873549481 0.00659369642621654 0.00422225975342003
"didymus" 0.0157117419084529 0 0 0
"dieth" 0 0 0.0197810892786496 0
"dinner" 0 0.00771039747098963 0 0.00422225975342003
"displeased" 0 0 0.0131873928524331 0.00422225975342003
"divorcement" 0 0 0.00659369642621654 0.00844451950684006
"draweth" 0 0.00771039747098963 0 0.00422225975342003
"drunk" 0.00523724730281764 0.00771039747098963 0 0
"drunken" 0 0.00771039747098963 0 0.00422225975342003
"dry" 0 0.00771039747098963 0 0.00422225975342003
"dwell" 0 0.00771039747098963 0 0.00422225975342003
"earthquakes" 0 0.00385519873549481 0.00659369642621654 0.00422225975342003
"eighteen" 0 0.0115655962064844 0 0
"eliakim" 0 0.00385519873549481 0 0.00844451950684006
"endure" 0 0 0.0131873928524331 0.00422225975342003
"enquire" 0.00523724730281764 0.00385519873549481 0 0.00422225975342003
"enquired" 0.00523724730281764 0 0 0.00844451950684006
"entreated" 0 0.00771039747098963 0 0.00422225975342003
"equal" 0.00523724730281764 0.00385519873549481 0 0.00422225975342003
"err" 0 0 0.0131873928524331 0.00422225975342003
"espoused" 0 0.00771039747098963 0 0.00422225975342003
"esrom" 0 0.00385519873549481 0 0.00844451950684006
"exceedingly" 0 0 0.0131873928524331 0.00422225975342003
"expedient" 0.0157117419084529 0 0 0
"fail" 0 0.0115655962064844 0 0
"faint" 0 0.00385519873549481 0.00659369642621654 0.00422225975342003
"falleth" 0 0.00771039747098963 0 0.00422225975342003
"famines" 0 0.00385519873549481 0.00659369642621654 0.00422225975342003
"farther" 0 0 0.0131873928524331 0.00422225975342003
"farthing" 0 0 0.00659369642621654 0.00844451950684006
"fatted" 0 0.0115655962064844 0 0
"fearful" 0 0.00385519873549481 0.00659369642621654 0.00422225975342003
"feasts" 0 0.00385519873549481 0.00659369642621654 0.00422225975342003
"fellowservants" 0 0 0 0.0126667792602601
"fetters" 0 0.00385519873549481 0.0131873928524331 0
"figs" 0 0.00385519873549481 0.00659369642621654 0.00422225975342003
"fingers" 0 0.00385519873549481 0.00659369642621654 0.00422225975342003
"flock" 0 0.00771039747098963 0 0.00422225975342003
"forbad" 0 0.00385519873549481 0.00659369642621654 0.00422225975342003
"forgotten" 0 0.00385519873549481 0.00659369642621654 0.00422225975342003
"fornication" 0.00523724730281764 0 0 0.00844451950684006
"fourteen" 0 0 0 0.0126667792602601
"furlongs" 0.0104744946056353 0.00385519873549481 0 0
"furnished" 0 0.00385519873549481 0.00659369642621654 0.00422225975342003
"gadarenes" 0 0.00771039747098963 0.00659369642621654 0
"gain" 0 0.00385519873549481 0.00659369642621654 0.00422225975342003
"galilaean" 0 0.00771039747098963 0.00659369642621654 0
"gennesaret" 0 0.00385519873549481 0.00659369642621654 0.00422225975342003
"gird" 0.00523724730281764 0.00771039747098963 0 0
"girded" 0.0104744946056353 0.00385519873549481 0 0
"gladly" 0 0.00385519873549481 0.0131873928524331 0
"glorifying" 0 0.0115655962064844 0 0
"golgotha" 0.00523724730281764 0 0.00659369642621654 0.00422225975342003
"grant" 0 0.00385519873549481 0.00659369642621654 0.00422225975342003
"greek" 0.00523724730281764 0.00385519873549481 0.00659369642621654 0
"greetings" 0 0.00771039747098963 0 0.00422225975342003
"grieved" 0.00523724730281764 0 0.0131873928524331 0
"guilty" 0 0 0.00659369642621654 0.00844451950684006
"hadst" 0.0104744946056353 0.00385519873549481 0 0
"half" 0 0.00771039747098963 0.00659369642621654 0
"hard" 0.00523724730281764 0 0.00659369642621654 0.00422225975342003
"hardened" 0.00523724730281764 0 0.0131873928524331 0
"harlots" 0 0.00385519873549481 0 0.00844451950684006
"heads" 0 0.00385519873549481 0.00659369642621654 0.00422225975342003
"heir" 0 0.00385519873549481 0.00659369642621654 0.00422225975342003
"herbs" 0 0.00385519873549481 0.00659369642621654 0.00422225975342003
"herein" 0.0157117419084529 0 0 0
"herod^s" 0 0.00771039747098963 0 0.00422225975342003
"herodians" 0 0 0.0131873928524331 0.00422225975342003
"highways" 0 0.00385519873549481 0 0.00844451950684006
"hire" 0 0.00385519873549481 0 0.00844451950684006
"hireling" 0.0157117419084529 0 0 0
"hurt" 0 0.00771039747098963 0.00659369642621654 0
"hypocrisy" 0 0.00385519873549481 0.00659369642621654 0.00422225975342003
"hypocrite" 0 0.00771039747098963 0 0.00422225975342003
"image" 0 0.00385519873549481 0.00659369642621654 0.00422225975342003
"incense" 0 0.0115655962064844 0 0
"infirmity" 0.00523724730281764 0.00771039747098963 0 0
"instructed" 0 0.00385519873549481 0 0.00844451950684006
"jesse" 0 0.00385519873549481 0 0.00844451950684006
"joanna" 0 0.0115655962064844 0 0
"joined" 0 0.00385519873549481 0.00659369642621654 0.00422225975342003
"judgeth" 0.0157117419084529 0 0 0
"knock" 0 0.00771039747098963 0 0.00422225975342003
"knocketh" 0 0.00771039747098963 0 0.00422225975342003
"knowledge" 0 0.00771039747098963 0 0.00422225975342003
"labour" 0.0104744946056353 0 0 0.00422225975342003
"lands" 0 0 0.0131873928524331 0.00422225975342003
"large" 0 0.00385519873549481 0.00659369642621654 0.00422225975342003
"latchet" 0.00523724730281764 0.00385519873549481 0.00659369642621654 0
"laughed" 0 0.00385519873549481 0.00659369642621654 0.00422225975342003
"legion" 0 0.00385519873549481 0.0131873928524331 0
"legs" 0.0157117419084529 0 0 0
"lie" 0.0157117419084529 0 0 0
"lodge" 0 0.00385519873549481 0.00659369642621654 0.00422225975342003
"loins" 0 0.00385519873549481 0.00659369642621654 0.00422225975342003
"looketh" 0 0.00385519873549481 0 0.00844451950684006
"lot" 0 0.0115655962064844 0 0
"low" 0 0.0115655962064844 0 0
"making" 0.00523724730281764 0 0.00659369642621654 0.00422225975342003
"male" 0 0.00385519873549481 0.00659369642621654 0.00422225975342003
"malefactors" 0 0.0115655962064844 0 0
"manger" 0 0.0115655962064844 0 0
"manifested" 0.0104744946056353 0 0.00659369642621654 0
"manna" 0.0157117419084529 0 0 0
"marrieth" 0 0.00771039747098963 0 0.00422225975342003
"marvellous" 0.00523724730281764 0 0.00659369642621654 0.00422225975342003
"mayest" 0 0.00771039747098963 0.00659369642621654 0
"mean" 0.00523724730281764 0.00385519873549481 0.00659369642621654 0
"measured" 0 0.00385519873549481 0.00659369642621654 0.00422225975342003
"meek" 0 0 0 0.0126667792602601
"messenger" 0 0.00385519873549481 0.00659369642621654 0.00422225975342003
"mete" 0 0.00385519873549481 0.00659369642621654 0.00422225975342003
"midnight" 0 0.00385519873549481 0.00659369642621654 0.00422225975342003
"mightest" 0 0.00385519873549481 0.00659369642621654 0.00422225975342003
"mightier" 0 0.00385519873549481 0.00659369642621654 0.00422225975342003
"millstone" 0 0.00385519873549481 0.00659369642621654 0.00422225975342003
"mingled" 0 0.00385519873549481 0.00659369642621654 0.00422225975342003
"mock" 0 0.00385519873549481 0.00659369642621654 0.00422225975342003
"moon" 0 0.00385519873549481 0.00659369642621654 0.00422225975342003
"moreover" 0 0.00385519873549481 0 0.00844451950684006
"moth" 0 0.00385519873549481 0 0.00844451950684006
"mourned" 0 0.00385519873549481 0.00659369642621654 0.00422225975342003
"myrrh" 0.00523724730281764 0 0.00659369642621654 0.00422225975342003
"naasson" 0 0.00385519873549481 0 0.00844451950684006
"napkin" 0.0104744946056353 0.00385519873549481 0 0
"nights" 0 0 0 0.0126667792602601
"nobleman" 0.0104744946056353 0.00385519873549481 0 0
"number" 0.00523724730281764 0.00385519873549481 0.00659369642621654 0
"numbered" 0 0.00385519873549481 0.00659369642621654 0.00422225975342003
"oath" 0 0.00385519873549481 0 0.00844451950684006
"obed" 0 0.00385519873549481 0 0.00844451950684006
"observe" 0 0 0 0.0126667792602601
"offences" 0 0.00385519873549481 0 0.00844451950684006
"officer" 0 0.00771039747098963 0 0.00422225975342003
"ofttimes" 0.00523724730281764 0 0.00659369642621654 0.00422225975342003
"order" 0 0.0115655962064844 0 0
"outer" 0 0 0 0.0126667792602601
"outside" 0 0.00385519873549481 0 0.00844451950684006
"overshadowed" 0 0.00385519873549481 0.00659369642621654 0.00422225975342003
"overthrew" 0.00523724730281764 0 0.00659369642621654 0.00422225975342003
"owed" 0 0.00385519873549481 0 0.00844451950684006
"owest" 0 0.00771039747098963 0 0.00422225975342003
"past" 0 0.00385519873549481 0.00659369642621654 0.00422225975342003
"paths" 0 0.00385519873549481 0.00659369642621654 0.00422225975342003
"persecuted" 0.00523724730281764 0 0 0.00844451950684006
"persuaded" 0 0.00771039747098963 0 0.00422225975342003
"peter^s" 0.0104744946056353 0 0 0.00422225975342003
"phares" 0 0.00385519873549481 0 0.00844451950684006
"philip^s" 0 0.00385519873549481 0.00659369642621654 0.00422225975342003
"platted" 0.00523724730281764 0 0.00659369642621654 0.00422225975342003
"platter" 0 0.00385519873549481 0 0.00844451950684006
"plucked" 0 0.00771039747098963 0.00659369642621654 0
"porch" 0.00523724730281764 0 0.00659369642621654 0.00422225975342003
"praising" 0 0.0115655962064844 0 0
"preferred" 0.0157117419084529 0 0 0
"pressed" 0 0.00771039747098963 0.00659369642621654 0
"prevail" 0.00523724730281764 0 0 0.00844451950684006
"price" 0 0 0 0.0126667792602601
"prisoner" 0 0 0.00659369642621654 0.00844451950684006
"proceed" 0 0 0.00659369642621654 0.00844451950684006
"profited" 0 0 0.00659369642621654 0.00844451950684006
"published" 0 0.00385519873549481 0.0131873928524331 0
"quickeneth" 0.0157117419084529 0 0 0
"rain" 0 0 0 0.0126667792602601
"reapeth" 0.0157117419084529 0 0 0
"reasoning" 0 0.00385519873549481 0.0131873928524331 0
"receipt" 0 0.00385519873549481 0.00659369642621654 0.00422225975342003
"remove" 0 0.00385519873549481 0 0.00844451950684006
"resorted" 0.0104744946056353 0 0.00659369642621654 0
"reverence" 0 0.00385519873549481 0.00659369642621654 0.00422225975342003
"reviled" 0.00523724730281764 0 0.00659369642621654 0.00422225975342003
"roof" 0 0.00385519873549481 0.00659369642621654 0.00422225975342003
"sad" 0 0.00385519873549481 0.00659369642621654 0.00422225975342003
"salathiel" 0 0.00385519873549481 0 0.00844451950684006
"salmon" 0 0.00385519873549481 0 0.00844451950684006
"salted" 0 0 0.0131873928524331 0.00422225975342003
"salutation" 0 0.0115655962064844 0 0
"samaritan" 0.00523724730281764 0.00771039747098963 0 0
"saviour" 0.00523724730281764 0.00771039747098963 0 0
"scattereth" 0.00523724730281764 0.00385519873549481 0 0.00422225975342003
"scorn" 0 0.00385519873549481 0.00659369642621654 0.00422225975342003
"scourged" 0.00523724730281764 0 0.00659369642621654 0.00422225975342003
"scribe" 0 0 0.00659369642621654 0.00844451950684006
"search" 0.0104744946056353 0 0 0.00422225975342003
"seat" 0.00523724730281764 0 0 0.00844451950684006
"seeds" 0 0 0.00659369642621654 0.00844451950684006
"seest" 0 0.00385519873549481 0.0131873928524331 0
"serpent" 0.00523724730281764 0.00385519873549481 0 0.00422225975342003
"seventy" 0 0.00771039747098963 0 0.00422225975342003
"shadow" 0 0.00385519873549481 0.00659369642621654 0.00422225975342003
"shewbread" 0 0.00385519873549481 0.00659369642621654 0.00422225975342003
"shine" 0 0 0 0.0126667792602601
"shineth" 0.00523724730281764 0.00385519873549481 0 0.00422225975342003
"signifying" 0.0157117419084529 0 0 0
"siloam" 0.0104744946056353 0.00385519873549481 0 0
"simeon" 0 0.0115655962064844 0 0
"sinful" 0 0.00771039747098963 0.00659369642621654 0
"sink" 0 0.00771039747098963 0 0.00422225975342003
"sixty" 0 0 0.0131873928524331 0.00422225975342003
"skull" 0.00523724730281764 0 0.00659369642621654 0.00422225975342003
"slay" 0.00523724730281764 0.00771039747098963 0 0
"sleeping" 0 0.00385519873549481 0.0131873928524331 0
"soft" 0 0.00385519873549481 0 0.00844451950684006
"something" 0.00523724730281764 0.00385519873549481 0.00659369642621654 0
"spunge" 0.00523724730281764 0 0.00659369642621654 0.00422225975342003
"stars" 0 0.00385519873549481 0.00659369642621654 0.00422225975342003
"steep" 0 0.00385519873549481 0.00659369642621654 0.00422225975342003
"stewardship" 0 0.0115655962064844 0 0
"stooped" 0.0157117419084529 0 0 0
"strait" 0 0.00385519873549481 0 0.00844451950684006
"stripes" 0 0.0115655962064844 0 0
"struck" 0.00523724730281764 0.00385519873549481 0 0.00422225975342003
"subject" 0 0.0115655962064844 0 0
"sufficient" 0.00523724730281764 0.00385519873549481 0 0.00422225975342003
"summer" 0 0.00385519873549481 0.00659369642621654 0.00422225975342003
"surnamed" 0 0.00385519873549481 0.0131873928524331 0
"talent" 0 0 0 0.0126667792602601
"taxed" 0 0.0115655962064844 0 0
"tears" 0 0.00771039747098963 0.00659369642621654 0
"tender" 0 0.00385519873549481 0.00659369642621654 0.00422225975342003
"testament" 0 0.00385519873549481 0.00659369642621654 0.00422225975342003
"testified" 0.0157117419084529 0 0 0
"thirsty" 0 0 0 0.0126667792602601
"tiberias" 0.0157117419084529 0 0 0
"tidings" 0 0.0115655962064844 0 0
"top" 0.00523724730281764 0 0.00659369642621654 0.00422225975342003
"tormented" 0 0.00771039747098963 0 0.00422225975342003
"treasures" 0 0 0 0.0126667792602601
"trespass" 0 0.00771039747098963 0 0.00422225975342003
"tribes" 0 0.00385519873549481 0 0.00844451950684006
"trodden" 0 0.00771039747098963 0 0.00422225975342003
"twice" 0 0.00385519873549481 0.0131873928524331 0
"unloose" 0.00523724730281764 0.00385519873549481 0.00659369642621654 0
"unwashen" 0 0 0.0131873928524331 0.00422225975342003
"uppermost" 0 0.00385519873549481 0.00659369642621654 0.00422225975342003
"use" 0 0.00385519873549481 0 0.00844451950684006
"vain" 0 0 0.00659369642621654 0.00844451950684006
"value" 0 0.00385519873549481 0 0.00844451950684006
"veil" 0 0.00385519873549481 0.00659369642621654 0.00422225975342003
"vessel" 0.00523724730281764 0.00385519873549481 0.00659369642621654 0
"vessels" 0 0 0.00659369642621654 0.00844451950684006
"vexed" 0 0.00385519873549481 0 0.00844451950684006
"violently" 0 0.00385519873549481 0.00659369642621654 0.00422225975342003
"virgins" 0 0 0 0.0126667792602601
"virtue" 0 0.00771039747098963 0.00659369642621654 0
"vision" 0 0.00771039747098963 0 0.00422225975342003
"voices" 0 0.0115655962064844 0 0
"wait" 0 0.00771039747098963 0.00659369642621654 0
"waited" 0 0.00771039747098963 0.00659369642621654 0
"waiting" 0.00523724730281764 0.00771039747098963 0 0
"walketh" 0.00523724730281764 0.00385519873549481 0 0.00422225975342003
"washing" 0 0.00385519873549481 0.0131873928524331 0
"whithersoever" 0 0.00385519873549481 0.00659369642621654 0.00422225975342003
"wickedness" 0 0.00385519873549481 0.00659369642621654 0.00422225975342003
"wife^s" 0 0.00385519873549481 0.00659369642621654 0.00422225975342003
"wild" 0 0 0.0131873928524331 0.00422225975342003
"winter" 0.00523724730281764 0 0.00659369642621654 0.00422225975342003
"wipe" 0.00523724730281764 0.00771039747098963 0 0
"wiped" 0.0104744946056353 0.00385519873549481 0 0
"withdrew" 0 0.00385519873549481 0.00659369642621654 0.00422225975342003
"wolves" 0 0.00385519873549481 0 0.00844451950684006
"wonders" 0.00523724730281764 0 0.00659369642621654 0.00422225975342003
"wont" 0 0.00385519873549481 0.00659369642621654 0.00422225975342003
"worm" 0 0 0.0197810892786496 0
"wounded" 0 0.00771039747098963 0.00659369642621654 0
"wroth" 0 0 0 0.0126667792602601
"yoke" 0 0.00385519873549481 0 0.00844451950684006
"younger" 0 0.0115655962064844 0 0
"youth" 0 0.00385519873549481 0.00659369642621654 0.00422225975342003
"zacchaeus" 0 0.0115655962064844 0 0
"zorobabel" 0 0.00385519873549481 0 0.00844451950684006
"abel" 0 0.00385519873549481 0 0.00422225975342003
"abiding" 0.00523724730281764 0.00385519873549481 0 0
"abiud" 0 0 0 0.00844451950684006
"achaz" 0 0 0 0.00844451950684006
"achim" 0 0 0 0.00844451950684006
"acquaintance" 0 0.00771039747098963 0 0
"add" 0 0.00385519873549481 0 0.00422225975342003
"adjure" 0 0 0.00659369642621654 0.00422225975342003
"adulteries" 0 0 0.00659369642621654 0.00422225975342003
"adversaries" 0 0.00771039747098963 0 0
"affliction" 0 0 0.0131873928524331 0
"agreeth" 0 0.00385519873549481 0.00659369642621654 0
"alway" 0.00523724730281764 0 0 0.00422225975342003
"amon" 0 0 0 0.00844451950684006
"anon" 0 0 0.00659369642621654 0.00422225975342003
"apiece" 0.00523724730281764 0.00385519873549481 0 0
"appeareth" 0 0 0 0.00844451950684006
"ark" 0 0.00385519873549481 0 0.00422225975342003
"arm" 0.00523724730281764 0.00385519873549481 0 0
"armies" 0 0.00385519873549481 0 0.00422225975342003
"asa" 0 0 0 0.00844451950684006
"ascend" 0.0104744946056353 0 0 0
"ascended" 0.0104744946056353 0 0 0
"ascending" 0.00523724730281764 0.00385519873549481 0 0
"ashes" 0 0.00385519873549481 0 0.00422225975342003
"askest" 0.0104744946056353 0 0 0
"asking" 0.00523724730281764 0.00385519873549481 0 0
"audience" 0 0.00771039747098963 0 0
"austere" 0 0.00771039747098963 0 0
"awoke" 0 0.00385519873549481 0 0.00422225975342003
"axe" 0 0.00385519873549481 0 0.00422225975342003
"azor" 0 0 0 0.00844451950684006
"bad" 0 0 0 0.00844451950684006
"bag" 0.0104744946056353 0 0 0
"baptizeth" 0.0104744946056353 0 0 0
"barley" 0.0104744946056353 0 0 0
"barn" 0 0.00385519873549481 0 0.00422225975342003
"barns" 0 0.00385519873549481 0 0.00422225975342003
"became" 0 0 0.00659369642621654 0.00422225975342003
"beggar" 0 0.00771039747098963 0 0
"begging" 0 0.00385519873549481 0.00659369642621654 0
"belong" 0 0.00385519873549481 0.00659369642621654 0
"beneath" 0.00523724730281764 0 0.00659369642621654 0
"bestow" 0 0.00771039747098963 0 0
"bewailed" 0 0.00771039747098963 0 0
"birthday" 0 0 0.00659369642621654 0.00422225975342003
"bitterly" 0 0.00385519873549481 0 0.00422225975342003
"blade" 0 0 0.00659369642621654 0.00422225975342003
"blameless" 0 0.00385519873549481 0 0.00422225975342003
"blaspheme" 0 0 0.0131873928524331 0
"blasphemeth" 0 0.00385519873549481 0 0.00422225975342003
"bless" 0 0.00385519873549481 0 0.00422225975342003
"boat" 0.0104744946056353 0 0 0
"bodies" 0.00523724730281764 0 0 0.00422225975342003
"boldly" 0.00523724730281764 0 0.00659369642621654 0
"bones" 0 0.00385519873549481 0 0.00422225975342003
"border" 0 0.00385519873549481 0.00659369642621654 0
"bottom" 0 0 0.00659369642621654 0.00422225975342003
"bright" 0 0.00385519873549481 0 0.00422225975342003
"broad" 0 0 0 0.00844451950684006
"bruised" 0 0.00385519873549481 0 0.00422225975342003
"buildest" 0 0 0.00659369642621654 0.00422225975342003
"burden" 0 0 0 0.00844451950684006
"buried" 0 0.00385519873549481 0 0.00422225975342003
"burning" 0.00523724730281764 0.00385519873549481 0 0
"burst" 0 0.00385519873549481 0.00659369642621654 0
"burying" 0.00523724730281764 0 0.00659369642621654 0
"caesarea" 0 0 0.00659369642621654 0.00422225975342003
"cainan" 0 0.00771039747098963 0 0
"camel^s" 0 0 0.00659369642621654 0.00422225975342003
"canaanite" 0 0 0.00659369642621654 0.00422225975342003
"carrying" 0 0 0 0.00844451950684006
"catcheth" 0.00523724730281764 0 0 0.00422225975342003
"cattle" 0.00523724730281764 0.00385519873549481 0 0
"chaff" 0 0.00385519873549481 0 0.00422225975342003
"changers" 0.0104744946056353 0 0 0
"chastise" 0 0.00771039747098963 0 0
"cheek" 0 0.00385519873549481 0 0.00422225975342003
"choke" 0 0 0.00659369642621654 0.00422225975342003
"chorazin" 0 0.00385519873549481 0 0.00422225975342003
"chose" 0 0.00771039747098963 0 0
"christs" 0 0 0.00659369642621654 0.00422225975342003
"circumcise" 0.00523724730281764 0.00385519873549481 0 0
"circumcision" 0.0104744946056353 0 0 0
"cleanse" 0 0 0 0.00844451950684006
"cleansing" 0 0.00385519873549481 0.00659369642621654 0
"cleave" 0 0 0.00659369642621654 0.00422225975342003
"closed" 0 0.00385519873549481 0 0.00422225975342003
"coals" 0.0104744946056353 0 0 0
"coast" 0 0.00385519873549481 0 0.00422225975342003
"comest" 0 0.00385519873549481 0 0.00422225975342003
"common" 0 0 0.00659369642621654 0.00422225975342003
"compass" 0 0.00385519873549481 0 0.00422225975342003
"confessed" 0.0104744946056353 0 0 0
"confessing" 0 0 0.00659369642621654 0.00422225975342003
"consolation" 0 0.00771039747098963 0 0
"consulted" 0.00523724730281764 0 0 0.00422225975342003
"content" 0 0.00385519873549481 0.00659369642621654 0
"contrary" 0 0 0.00659369642621654 0.00422225975342003
"couch" 0 0.00771039747098963 0 0
"couldest" 0.00523724730281764 0 0.00659369642621654 0
"councils" 0 0 0.00659369642621654 0.00422225975342003
"counsellor" 0 0.00385519873549481 0.00659369642621654 0
"counted" 0 0 0.00659369642621654 0.00422225975342003
"course" 0 0.00771039747098963 0 0
"covenanted" 0 0.00385519873549481 0 0.00422225975342003
"cover" 0 0.00385519873549481 0.00659369642621654 0
"covetousness" 0 0.00385519873549481 0.00659369642621654 0
"creation" 0 0 0.0131873928524331 0
"crieth" 0 0.00385519873549481 0 0.00422225975342003
"cubit" 0 0.00385519873549481 0 0.00422225975342003
"cups" 0 0 0.0131873928524331 0
"cure" 0 0.00385519873549481 0 0.00422225975342003
"cursed" 0.00523724730281764 0 0 0.00422225975342003
"curseth" 0 0 0.00659369642621654 0.00422225975342003
"cyrenian" 0 0.00385519873549481 0.00659369642621654 0
"daniel" 0 0 0.00659369642621654 0.00422225975342003
"dash" 0 0.00385519873549481 0 0.00422225975342003
"daughters" 0 0.00771039747098963 0 0
"deal" 0 0 0.0131873928524331 0
"dealt" 0 0.00771039747098963 0 0
"deceitfulness" 0 0 0.00659369642621654 0.00422225975342003
"deceived" 0.00523724730281764 0.00385519873549481 0 0
"deed" 0 0.00771039747098963 0 0
"defiled" 0.00523724730281764 0 0.00659369642621654 0
"delayeth" 0 0.00385519873549481 0 0.00422225975342003
"deliveredst" 0 0 0 0.00844451950684006
"departing" 0 0 0.0131873928524331 0
"depth" 0 0 0.00659369642621654 0.00422225975342003
"derided" 0 0.00771039747098963 0 0
"desireth" 0 0.00771039747098963 0 0
"desirous" 0.00523724730281764 0.00385519873549481 0 0
"desolate" 0 0.00385519873549481 0 0.00422225975342003
"despitefully" 0 0.00385519873549481 0 0.00422225975342003
"destroyest" 0 0 0.00659369642621654 0.00422225975342003
"dig" 0 0.00771039747098963 0 0
"dine" 0.00523724730281764 0.00385519873549481 0 0
"dipped" 0.0104744946056353 0 0 0
"dippeth" 0 0 0.00659369642621654 0.00422225975342003
"dish" 0 0 0.00659369642621654 0.00422225975342003
"disputed" 0 0 0.0131873928524331 0
"distress" 0 0.00771039747098963 0 0
"ditch" 0 0.00385519873549481 0 0.00422225975342003
"divide" 0 0.00771039747098963 0 0
"divideth" 0 0.00385519873549481 0 0.00422225975342003
"doctors" 0 0.00771039747098963 0 0
"doctrines" 0 0 0.00659369642621654 0.00422225975342003
"dried" 0 0 0.0131873928524331 0
"dying" 0 0.00385519873549481 0.00659369642621654 0
"eagles" 0 0.00385519873549481 0 0.00422225975342003
"earnestly" 0 0.00771039747098963 0 0
"earthly" 0.0104744946056353 0 0 0
"earthquake" 0 0 0 0.00844451950684006
"effect" 0 0 0.00659369642621654 0.00422225975342003
"eleazar" 0 0 0 0.00844451950684006
"elect^s" 0 0 0.00659369642621654 0.00422225975342003
"eleventh" 0 0 0 0.00844451950684006
"eli" 0 0 0 0.00844451950684006
"eliud" 0 0 0 0.00844451950684006
"eloi" 0 0 0.0131873928524331 0
"endureth" 0.00523724730281764 0 0 0.00422225975342003
"envy" 0 0 0.00659369642621654 0.00422225975342003
"escape" 0 0.00385519873549481 0 0.00422225975342003
"exalteth" 0 0.00771039747098963 0 0
"example" 0.00523724730281764 0 0 0.00422225975342003
"exchange" 0 0 0.00659369642621654 0.00422225975342003
"excused" 0 0.00771039747098963 0 0
"expounded" 0 0.00385519873549481 0.00659369642621654 0
"ezekias" 0 0 0 0.00844451950684006
"faces" 0 0.00385519873549481 0 0.00422225975342003
"falling" 0 0.00771039747098963 0 0
"falsely" 0 0.00385519873549481 0 0.00422225975342003
"famine" 0 0.00771039747098963 0 0
"fan" 0 0.00385519873549481 0 0.00422225975342003
"fashion" 0 0.00385519873549481 0.00659369642621654 0
"favour" 0 0.00771039747098963 0 0
"feedeth" 0 0.00385519873549481 0 0.00422225975342003
"fellowservant" 0 0 0 0.00844451950684006
"female" 0 0 0.00659369642621654 0.00422225975342003
"fierce" 0 0.00385519873549481 0 0.00422225975342003
"fifties" 0 0.00385519873549481 0.00659369642621654 0
"fine" 0 0.00385519873549481 0.00659369642621654 0
"firstborn" 0 0.00385519873549481 0 0.00422225975342003
"fit" 0 0.00771039747098963 0 0
"fleeth" 0.0104744946056353 0 0 0
"flight" 0 0 0.00659369642621654 0.00422225975342003
"floods" 0 0 0 0.00844451950684006
"floor" 0 0.00385519873549481 0 0.00422225975342003
"foameth" 0 0.00385519873549481 0.00659369642621654 0
"fold" 0.0104744946056353 0 0 0
"folk" 0.00523724730281764 0 0.00659369642621654 0
"fool" 0 0.00385519873549481 0 0.00422225975342003
"forasmuch" 0 0.00385519873549481 0 0.00422225975342003
"force" 0.00523724730281764 0 0 0.00422225975342003
"fornications" 0 0 0.00659369642621654 0.00422225975342003
"foul" 0 0 0.00659369642621654 0.00422225975342003
"founded" 0 0.00385519873549481 0 0.00422225975342003
"fourscore" 0 0.00771039747098963 0 0
"fourth" 0 0 0.00659369642621654 0.00422225975342003
"foxes" 0 0.00385519873549481 0 0.00422225975342003
"freely" 0 0 0 0.00844451950684006
"fulfil" 0 0 0 0.00844451950684006
"furnace" 0 0 0 0.00844451950684006
"gabriel" 0 0.00771039747098963 0 0
"garner" 0 0.00385519873549481 0 0.00422225975342003
"garnished" 0 0.00385519873549481 0 0.00422225975342003
"gethsemane" 0 0 0.00659369642621654 0.00422225975342003
"girdle" 0 0 0.00659369642621654 0.00422225975342003
"giving" 0 0.00385519873549481 0 0.00422225975342003
"gladness" 0 0.00385519873549481 0.00659369642621654 0
"gluttonous" 0 0.00385519873549481 0 0.00422225975342003
"goats" 0 0 0 0.00844451950684006
"gods" 0.0104744946056353 0 0 0
"gomorrha" 0 0 0.00659369642621654 0.00422225975342003
"goodly" 0 0.00385519873549481 0 0.00422225975342003
"gospel^s" 0 0 0.0131873928524331 0
"grapes" 0 0.00385519873549481 0 0.00422225975342003
"green" 0 0.00385519873549481 0.00659369642621654 0
"grievous" 0 0.00385519873549481 0 0.00422225975342003
"grievously" 0 0 0 0.00844451950684006
"grind" 0 0.00385519873549481 0 0.00422225975342003
"grinding" 0 0.00385519873549481 0 0.00422225975342003
"guestchamber" 0 0.00385519873549481 0.00659369642621654 0
"guests" 0 0 0 0.00844451950684006
"guide" 0.00523724730281764 0.00385519873549481 0 0
"guides" 0 0 0 0.00844451950684006
"hallowed" 0 0.00385519873549481 0 0.00422225975342003
"haply" 0 0.00385519873549481 0.00659369642621654 0
"hearken" 0 0 0.0131873928524331 0
"heat" 0 0.00385519873549481 0 0.00422225975342003
"heathen" 0 0 0 0.00844451950684006
"hem" 0 0 0 0.00844451950684006
"hen" 0 0.00385519873549481 0 0.00422225975342003
"highly" 0 0.00771039747098963 0 0
"hitherto" 0.0104744946056353 0 0 0
"holes" 0 0.00385519873549481 0 0.00422225975342003
"honey" 0 0 0.00659369642621654 0.00422225975342003
"honourable" 0 0.00385519873549481 0.00659369642621654 0
"host" 0 0.00771039747098963 0 0
"housetops" 0 0.00385519873549481 0 0.00422225975342003
"humble" 0 0 0 0.00844451950684006
"humbleth" 0 0.00771039747098963 0 0
"hungered" 0 0.00385519873549481 0 0.00422225975342003
"hungry" 0 0.00385519873549481 0.00659369642621654 0
"hymn" 0 0 0.00659369642621654 0.00422225975342003
"impotent" 0.0104744946056353 0 0 0
"inasmuch" 0 0 0 0.00844451950684006
"increase" 0.00523724730281764 0.00385519873549481 0 0
"increased" 0 0.00385519873549481 0.00659369642621654 0
"inn" 0 0.00771039747098963 0 0
"innocent" 0 0 0 0.00844451950684006
"instant" 0 0.00771039747098963 0 0
"insurrection" 0 0 0.0131873928524331 0
"intent" 0.0104744946056353 0 0 0
"interpretation" 0.0104744946056353 0 0 0
"jairus" 0 0.00385519873549481 0.00659369642621654 0
"jechonias" 0 0 0 0.00844451950684006
"jeremy" 0 0 0 0.00844451950684006
"jew" 0.0104744946056353 0 0 0
"jewry" 0.00523724730281764 0.00385519873549481 0 0
"joatham" 0 0 0 0.00844451950684006
"joram" 0 0 0 0.00844451950684006
"josaphat" 0 0 0 0.00844451950684006
"josias" 0 0 0 0.00844451950684006
"judges" 0 0.00385519873549481 0 0.00422225975342003
"judging" 0 0.00385519873549481 0 0.00422225975342003
"justify" 0 0.00771039747098963 0 0
"killest" 0 0.00385519873549481 0 0.00422225975342003
"kindled" 0 0.00771039747098963 0 0
"kingdoms" 0 0.00385519873549481 0 0.00422225975342003
"kneeled" 0 0.00385519873549481 0.00659369642621654 0
"kneeling" 0 0 0.00659369642621654 0.00422225975342003
"knees" 0 0.00385519873549481 0.00659369642621654 0
"lacked" 0 0.00771039747098963 0 0
"lackest" 0 0.00385519873549481 0.00659369642621654 0
"lain" 0.0104744946056353 0 0 0
"lama" 0 0 0.00659369642621654 0.00422225975342003
"lamb" 0.0104744946056353 0 0 0
"lambs" 0.00523724730281764 0.00385519873549481 0 0
"lamented" 0 0.00385519873549481 0 0.00422225975342003
"latin" 0.00523724730281764 0.00385519873549481 0 0
"laugh" 0 0.00771039747098963 0 0
"lawyer" 0 0.00385519873549481 0 0.00422225975342003
"layeth" 0 0.00771039747098963 0 0
"laying" 0 0.00385519873549481 0.00659369642621654 0
"leaped" 0 0.00771039747098963 0 0
"learned" 0.0104744946056353 0 0 0
"leavened" 0 0.00385519873549481 0 0.00422225975342003
"leaveth" 0.00523724730281764 0 0 0.00422225975342003
"leaving" 0 0.00385519873549481 0 0.00422225975342003
"less" 0 0 0.0131873928524331 0
"letters" 0.00523724730281764 0.00385519873549481 0 0
"liar" 0.0104744946056353 0 0 0
"lieth" 0 0 0.00659369642621654 0.00422225975342003
"lighted" 0 0.00771039747098963 0 0
"lilies" 0 0.00385519873549481 0 0.00422225975342003
"lips" 0 0 0.00659369642621654 0.00422225975342003
"listed" 0 0 0.00659369642621654 0.00422225975342003
"locusts" 0 0 0.00659369642621654 0.00422225975342003
"lodged" 0 0.00385519873549481 0 0.00422225975342003
"loosing" 0 0.00385519873549481 0.00659369642621654 0
"lordship" 0 0.00385519873549481 0.00659369642621654 0
"lowest" 0 0.00771039747098963 0 0
"lunatick" 0 0 0 0.00844451950684006
"lusts" 0.00523724730281764 0 0.00659369642621654 0
"manasses" 0 0 0 0.00844451950684006
"market" 0.00523724730281764 0 0.00659369642621654 0
"marketplace" 0 0.00385519873549481 0 0.00422225975342003
"mattathias" 0 0.00771039747098963 0 0
"matter" 0 0 0.0131873928524331 0
"matthan" 0 0 0 0.00844451950684006
"matthat" 0 0.00771039747098963 0 0
"meal" 0 0.00385519873549481 0 0.00422225975342003
"meaneth" 0 0 0 0.00844451950684006
"meant" 0 0.00771039747098963 0 0
"melchi" 0 0.00771039747098963 0 0
"members" 0 0 0 0.00844451950684006
"memorial" 0 0 0.00659369642621654 0.00422225975342003
"mending" 0 0 0.00659369642621654 0.00422225975342003
"merchandise" 0.00523724730281764 0 0 0.00422225975342003
"messengers" 0 0.00771039747098963 0 0
"messias" 0.0104744946056353 0 0 0
"mint" 0 0.00385519873549481 0 0.00422225975342003
"mites" 0 0.00385519873549481 0.00659369642621654 0
"mocking" 0 0 0.00659369642621654 0.00422225975342003
"moneychangers" 0 0 0.00659369642621654 0.00422225975342003
"month" 0 0.00771039747098963 0 0
"murders" 0 0 0.00659369642621654 0.00422225975342003
"mysteries" 0 0.00385519873549481 0 0.00422225975342003
"nails" 0.0104744946056353 0 0 0
"names" 0 0.00385519873549481 0 0.00422225975342003
"needeth" 0.00523724730281764 0.00385519873549481 0 0
"needle" 0 0 0.00659369642621654 0.00422225975342003
"neglect" 0 0 0 0.00844451950684006
"nephthalim" 0 0 0 0.00844451950684006
"nests" 0 0.00385519873549481 0 0.00422225975342003
"noised" 0 0.00385519873549481 0.00659369642621654 0
"nought" 0 0.00385519873549481 0.00659369642621654 0
"oath^s" 0 0 0.00659369642621654 0.00422225975342003
"observed" 0 0 0.0131873928524331 0
"obtain" 0 0.00385519873549481 0 0.00422225975342003
"offence" 0 0 0 0.00844451950684006
"offerings" 0 0.00385519873549481 0.00659369642621654 0
"office" 0 0.00771039747098963 0 0
"once" 0 0.00771039747098963 0 0
"openeth" 0.00523724730281764 0.00385519873549481 0 0
"opportunity" 0 0.00385519873549481 0 0.00422225975342003
"ordained" 0.00523724730281764 0 0.00659369642621654 0
"otherwise" 0 0.00385519873549481 0 0.00422225975342003
"ourselves" 0.00523724730281764 0.00385519873549481 0 0
"oven" 0 0.00385519873549481 0 0.00422225975342003
"overcome" 0.00523724730281764 0.00385519873549481 0 0
"ox" 0 0.00771039747098963 0 0
"ozias" 0 0 0 0.00844451950684006
"paid" 0 0.00385519873549481 0 0.00422225975342003
"palm" 0.0104744946056353 0 0 0
"palms" 0 0 0.00659369642621654 0.00422225975342003
"paps" 0 0.00771039747098963 0 0
"partners" 0 0.00771039747098963 0 0
"pearls" 0 0 0 0.00844451950684006
"pennyworth" 0.00523724730281764 0 0.00659369642621654 0
"perceiving" 0 0.00385519873549481 0.00659369642621654 0
"perfected" 0 0.00385519873549481 0 0.00422225975342003
"perform" 0 0.00385519873549481 0 0.00422225975342003
"performed" 0 0.00771039747098963 0 0
"perished" 0 0.00385519873549481 0 0.00422225975342003
"perplexed" 0 0.00771039747098963 0 0
"persecution" 0 0 0.00659369642621654 0.00422225975342003
"perverse" 0 0.00385519873549481 0 0.00422225975342003
"pestilences" 0 0.00385519873549481 0 0.00422225975342003
"pharisee^s" 0 0.00771039747098963 0 0
"philippi" 0 0 0.00659369642621654 0.00422225975342003
"physicians" 0 0.00385519873549481 0.00659369642621654 0
"pierced" 0.0104744946056353 0 0 0
"pinnacle" 0 0.00385519873549481 0 0.00422225975342003
"piped" 0 0.00385519873549481 0 0.00422225975342003
"pit" 0 0.00385519873549481 0 0.00422225975342003
"pitcher" 0 0.00385519873549481 0.00659369642621654 0
"plague" 0 0 0.0131873928524331 0
"plagues" 0 0.00385519873549481 0.00659369642621654 0
"plain" 0 0.00385519873549481 0.00659369642621654 0
"point" 0.00523724730281764 0 0.00659369642621654 0
"pontius" 0 0.00385519873549481 0 0.00422225975342003
"porter" 0.00523724730281764 0 0.00659369642621654 0
"possess" 0 0.00771039747098963 0 0
"possessions" 0 0 0.00659369642621654 0.00422225975342003
"pots" 0 0 0.0131873928524331 0
"potter^s" 0 0 0 0.00844451950684006
"powder" 0 0.00385519873549481 0 0.00422225975342003
"prayest" 0 0 0 0.00844451950684006
"precious" 0 0 0.00659369642621654 0.00422225975342003
"presently" 0 0 0 0.00844451950684006
"preserved" 0 0.00385519873549481 0 0.00422225975342003
"pretence" 0 0 0.00659369642621654 0.00422225975342003
"princes" 0 0 0 0.00844451950684006
"print" 0.0104744946056353 0 0 0
"privily" 0 0 0 0.00844451950684006
"proceeded" 0.00523724730281764 0.00385519873549481 0 0
"proceedeth" 0.00523724730281764 0 0 0.00422225975342003
"profitable" 0 0 0 0.00844451950684006
"prove" 0.00523724730281764 0.00385519873549481 0 0
"proverb" 0.00523724730281764 0.00385519873549481 0 0
"proverbs" 0.0104744946056353 0 0 0
"provide" 0 0.00385519873549481 0 0.00422225975342003
"prudent" 0 0.00385519873549481 0 0.00422225975342003
"psalms" 0 0.00771039747098963 0 0
"publish" 0 0 0.0131873928524331 0
"purge" 0 0.00385519873549481 0 0.00422225975342003
"purifying" 0.0104744946056353 0 0 0
"queen" 0 0.00385519873549481 0 0.00422225975342003
"questioned" 0 0.00385519873549481 0.00659369642621654 0
"questioning" 0 0 0.0131873928524331 0
"questions" 0 0.00385519873549481 0 0.00422225975342003
"railed" 0 0.00385519873549481 0.00659369642621654 0
"ransom" 0 0 0.00659369642621654 0.00422225975342003
"ravening" 0 0.00385519873549481 0 0.00422225975342003
"reach" 0.0104744946056353 0 0 0
"readeth" 0 0 0.00659369642621654 0.00422225975342003
"reapers" 0 0 0 0.00844451950684006
"reaping" 0 0.00385519873549481 0 0.00422225975342003
"red" 0 0 0 0.00844451950684006
"redeemed" 0 0.00771039747098963 0 0
"redemption" 0 0.00771039747098963 0 0
"regarded" 0 0.00771039747098963 0 0
"regardest" 0 0 0.00659369642621654 0.00422225975342003
"reject" 0 0 0.0131873928524331 0
"rejoiceth" 0.00523724730281764 0 0 0.00422225975342003
"removed" 0 0 0.00659369642621654 0.00422225975342003
"rend" 0.00523724730281764 0 0 0.00422225975342003
"repenteth" 0 0.00771039747098963 0 0
"reproach" 0 0.00771039747098963 0 0
"reproved" 0.00523724730281764 0.00385519873549481 0 0
"resist" 0 0.00385519873549481 0 0.00422225975342003
"resort" 0.00523724730281764 0 0.00659369642621654 0
"restore" 0 0.00385519873549481 0 0.00422225975342003
"reveal" 0 0.00385519873549481 0 0.00422225975342003
"rightly" 0 0.00771039747098963 0 0
"robber" 0.0104744946056353 0 0 0
"roboam" 0 0 0 0.00844451950684006
"rule" 0 0 0.00659369642621654 0.00422225975342003
"rumours" 0 0 0.00659369642621654 0.00422225975342003
"runneth" 0.00523724730281764 0 0 0.00422225975342003
"rust" 0 0 0 0.00844451950684006
"sabachthani" 0 0 0.00659369642621654 0.00422225975342003
"sackcloth" 0 0.00385519873549481 0 0.00422225975342003
"sacrifices" 0 0.00385519873549481 0.00659369642621654 0
"sadoc" 0 0 0 0.00844451950684006
"salome" 0 0 0.0131873928524331 0
"saluted" 0 0.00385519873549481 0.00659369642621654 0
"sanctified" 0.0104744946056353 0 0 0
"sanctifieth" 0 0 0 0.00844451950684006
"sanctify" 0.0104744946056353 0 0 0
"saving" 0 0.00385519873549481 0 0.00422225975342003
"savour" 0 0.00385519873549481 0 0.00422225975342003
"savourest" 0 0 0.00659369642621654 0.00422225975342003
"scorched" 0 0 0.00659369642621654 0.00422225975342003
"secretly" 0.0104744946056353 0 0 0
"sedition" 0 0.00771039747098963 0 0
"seekest" 0.0104744946056353 0 0 0
"self" 0.0104744946056353 0 0 0
"separate" 0 0.00385519873549481 0 0.00422225975342003
"served" 0.00523724730281764 0.00385519873549481 0 0
"serveth" 0 0.00771039747098963 0 0
"setteth" 0 0.00385519873549481 0 0.00422225975342003
"setting" 0 0.00385519873549481 0 0.00422225975342003
"seventh" 0.00523724730281764 0 0 0.00422225975342003
"shamefully" 0 0.00385519873549481 0.00659369642621654 0
"shape" 0.00523724730281764 0.00385519873549481 0 0
"shewest" 0.0104744946056353 0 0 0
"sheweth" 0.00523724730281764 0 0 0.00422225975342003
"shewing" 0 0.00771039747098963 0 0
"shoulders" 0 0.00385519873549481 0 0.00422225975342003
"sicknesses" 0 0 0.00659369642621654 0.00422225975342003
"sighed" 0 0 0.0131873928524331 0
"single" 0 0.00385519873549481 0 0.00422225975342003
"sion" 0.00523724730281764 0 0 0.00422225975342003
"snow" 0 0 0.00659369642621654 0.00422225975342003
"sores" 0 0.00771039747098963 0 0
"sorrows" 0 0 0.00659369642621654 0.00422225975342003
"souls" 0 0.00385519873549481 0 0.00422225975342003
"speaking" 0 0.00385519873549481 0 0.00422225975342003
"speechless" 0 0.00385519873549481 0 0.00422225975342003
"spikenard" 0.00523724730281764 0 0.00659369642621654 0
"spilled" 0 0.00385519873549481 0.00659369642621654 0
"spin" 0 0.00385519873549481 0 0.00422225975342003
"spitefully" 0 0.00385519873549481 0 0.00422225975342003
"standeth" 0.0104744946056353 0 0 0
"state" 0 0.00385519873549481 0 0.00422225975342003
"stoned" 0.00523724730281764 0 0 0.00422225975342003
"stonest" 0 0.00385519873549481 0 0.00422225975342003
"stooping" 0.00523724730281764 0.00385519873549481 0 0
"storm" 0 0.00385519873549481 0.00659369642621654 0
"stream" 0 0.00771039747098963 0 0
"stricken" 0 0.00771039747098963 0 0
"stripped" 0 0.00385519873549481 0 0.00422225975342003
"strive" 0 0.00385519873549481 0 0.00422225975342003
"stumbleth" 0.0104744946056353 0 0 0
"substance" 0 0.00771039747098963 0 0
"sung" 0 0 0.00659369642621654 0.00422225975342003
"supposing" 0.00523724730281764 0.00385519873549481 0 0
"swaddling" 0 0.00771039747098963 0 0
"sware" 0 0.00385519873549481 0.00659369642621654 0
"swept" 0 0.00385519873549481 0 0.00422225975342003
"synagogue^s" 0 0.00385519873549481 0.00659369642621654 0
"syria" 0 0.00385519873549481 0 0.00422225975342003
"talk" 0.00523724730281764 0 0 0.00422225975342003
"talking" 0 0 0.00659369642621654 0.00422225975342003
"tare" 0 0.00385519873549481 0.00659369642621654 0
"tasted" 0.00523724730281764 0 0 0.00422225975342003
"teareth" 0 0.00385519873549481 0.00659369642621654 0
"terrified" 0 0.00771039747098963 0 0
"testifieth" 0.0104744946056353 0 0 0
"thaddaeus" 0 0 0.00659369642621654 0.00422225975342003
"thefts" 0 0 0.00659369642621654 0.00422225975342003
"theirs" 0 0 0 0.00844451950684006
"thenceforth" 0.00523724730281764 0 0 0.00422225975342003
"thirtyfold" 0 0 0.00659369642621654 0.00422225975342003
"threw" 0 0.00385519873549481 0.00659369642621654 0
"thrones" 0 0.00385519873549481 0 0.00422225975342003
"throng" 0 0.00385519873549481 0.00659369642621654 0
"thronged" 0 0.00385519873549481 0.00659369642621654 0
"throughly" 0 0.00385519873549481 0 0.00422225975342003
"tithe" 0 0.00385519873549481 0 0.00422225975342003
"title" 0.0104744946056353 0 0 0
"tittle" 0 0.00385519873549481 0 0.00422225975342003
"toil" 0 0.00385519873549481 0 0.00422225975342003
"tomb" 0 0 0.00659369642621654 0.00422225975342003
"tooth" 0 0 0 0.00844451950684006
"torments" 0 0.00385519873549481 0 0.00422225975342003
"towel" 0.0104744946056353 0 0 0
"transfigured" 0 0 0.00659369642621654 0.00422225975342003
"transgress" 0 0 0 0.00844451950684006
"transgressors" 0 0.00385519873549481 0.00659369642621654 0
"trembling" 0 0.00385519873549481 0.00659369642621654 0
"trumpet" 0 0 0 0.00844451950684006
"tumult" 0 0 0.00659369642621654 0.00422225975342003
"turning" 0.00523724730281764 0.00385519873549481 0 0
"twenty" 0.00523724730281764 0.00385519873549481 0 0
"understandeth" 0 0 0 0.00844451950684006
"undone" 0 0.00385519873549481 0 0.00422225975342003
"unfruitful" 0 0 0.00659369642621654 0.00422225975342003
"unprofitable" 0 0.00385519873549481 0 0.00422225975342003
"unquenchable" 0 0.00385519873549481 0 0.00422225975342003
"unrighteousness" 0.00523724730281764 0.00385519873549481 0 0
"upper" 0 0.00385519873549481 0.00659369642621654 0
"uproar" 0 0 0.00659369642621654 0.00422225975342003
"usury" 0 0.00385519873549481 0 0.00422225975342003
"vesture" 0.00523724730281764 0 0 0.00422225975342003
"victuals" 0 0.00385519873549481 0 0.00422225975342003
"violence" 0 0.00385519873549481 0 0.00422225975342003
"virgin" 0 0.00385519873549481 0 0.00422225975342003
"wages" 0.00523724730281764 0.00385519873549481 0 0
"wagging" 0 0 0.00659369642621654 0.00422225975342003
"wailing" 0 0 0 0.00844451950684006
"want" 0 0.00385519873549481 0.00659369642621654 0
"war" 0 0.00771039747098963 0 0
"waste" 0 0 0.00659369642621654 0.00422225975342003
"wasted" 0 0.00771039747098963 0 0
"watching" 0 0.00385519873549481 0 0.00422225975342003
"waterpots" 0.0104744946056353 0 0 0
"waters" 0 0 0.00659369642621654 0.00422225975342003
"wax" 0 0.00385519873549481 0 0.00422225975342003
"weak" 0 0 0.00659369642621654 0.00422225975342003
"wear" 0 0.00385519873549481 0 0.00422225975342003
"weather" 0 0 0 0.00844451950684006
"weepest" 0.0104744946056353 0 0 0
"whereby" 0 0.00771039747098963 0 0
"whit" 0.0104744946056353 0 0 0
"winebibber" 0 0.00385519873549481 0 0.00422225975342003
"wings" 0 0.00385519873549481 0 0.00422225975342003
"withal" 0 0.00385519873549481 0.00659369642621654 0
"wives" 0 0.00385519873549481 0 0.00422225975342003
"wolf" 0.0104744946056353 0 0 0
"wonderful" 0 0 0 0.00844451950684006
"yes" 0 0 0.00659369642621654 0.00422225975342003
"yielded" 0 0 0.00659369642621654 0.00422225975342003
"yonder" 0 0 0 0.00844451950684006
"yours" 0.00523724730281764 0.00385519873549481 0 0
"zabulon" 0 0 0 0.00844451950684006
"zebedees" 0 0 0 0.00844451950684006
"aaron" 0 0.00385519873549481 0 0
"abba" 0 0 0.00659369642621654 0
"abiathar" 0 0 0.00659369642621654 0
"abilene" 0 0.00385519873549481 0 0
"ability" 0 0 0 0.00422225975342003
"abound" 0 0 0 0.00422225975342003
"absence" 0 0.00385519873549481 0 0
"abundantly" 0.00523724730281764 0 0 0
"acceptable" 0 0.00385519873549481 0 0
"accepted" 0 0.00385519873549481 0 0
"acceptest" 0 0.00385519873549481 0 0
"accomplish" 0 0.00385519873549481 0 0
"accusers" 0.00523724730281764 0 0 0
"accuseth" 0.00523724730281764 0 0 0
"act" 0.00523724730281764 0 0 0
"adam" 0 0.00385519873549481 0 0
"addi" 0 0.00385519873549481 0 0
"ado" 0 0 0.00659369642621654 0
"adorned" 0 0.00385519873549481 0 0
"adulterers" 0 0.00385519873549481 0 0
"advantaged" 0 0.00385519873549481 0 0
"aenon" 0.00523724730281764 0 0 0
"affirmed" 0 0.00385519873549481 0 0
"afflicted" 0 0 0 0.00422225975342003
"afoot" 0 0 0.00659369642621654 0
"aforehand" 0 0 0.00659369642621654 0
"aforetime" 0.00523724730281764 0 0 0
"afterwards" 0.00523724730281764 0 0 0
"agony" 0 0.00385519873549481 0 0
"ah" 0 0 0.00659369642621654 0
"alexander" 0 0 0.00659369642621654 0
"allow" 0 0.00385519873549481 0 0
"aloes" 0.00523724730281764 0 0 0
"aloud" 0 0 0.00659369642621654 0
"altered" 0 0.00385519873549481 0 0
"although" 0 0 0.00659369642621654 0
"altogether" 0.00523724730281764 0 0 0
"ambassage" 0 0.00385519873549481 0 0
"amend" 0.00523724730281764 0 0 0
"amiss" 0 0.00385519873549481 0 0
"amos" 0 0.00385519873549481 0 0
"anger" 0 0 0.00659369642621654 0
"anguish" 0.00523724730281764 0 0 0
"anise" 0 0 0 0.00422225975342003
"anna" 0 0.00385519873549481 0 0
"another^s" 0.00523724730281764 0 0 0
"answers" 0 0.00385519873549481 0 0
"apparelled" 0 0.00385519873549481 0 0
"appearance" 0.00523724730281764 0 0 0
"approacheth" 0 0.00385519873549481 0 0
"archelaus" 0 0 0 0.00422225975342003
"armed" 0 0.00385519873549481 0 0
"armour" 0 0.00385519873549481 0 0
"arphaxad" 0 0.00385519873549481 0 0
"arrived" 0 0.00385519873549481 0 0
"aser" 0 0.00385519873549481 0 0
"ass^s" 0.00523724730281764 0 0 0
"astonishment" 0 0 0.00659369642621654 0
"athirst" 0 0 0 0.00422225975342003
"attentive" 0 0.00385519873549481 0 0
"augustus" 0 0.00385519873549481 0 0
"backward" 0.00523724730281764 0 0 0
"bags" 0 0.00385519873549481 0 0
"bands" 0 0.00385519873549481 0 0
"bank" 0 0.00385519873549481 0 0
"baptist^s" 0 0 0 0.00422225975342003
"baptizest" 0.00523724730281764 0 0 0
"barachias" 0 0 0 0.00422225975342003
"barest" 0.00523724730281764 0 0 0
"barjona" 0 0 0 0.00422225975342003
"bartimaeus" 0 0 0.00659369642621654 0
"bason" 0.00523724730281764 0 0 0
"bearest" 0.00523724730281764 0 0 0
"beast" 0 0.00385519873549481 0 0
"beasts" 0 0 0.00659369642621654 0
"beating" 0 0 0.00659369642621654 0
"beautiful" 0 0 0 0.00422225975342003
"beds" 0 0 0.00659369642621654 0
"befallen" 0 0 0 0.00422225975342003
"befell" 0 0 0.00659369642621654 0
"beforehand" 0 0 0.00659369642621654 0
"beg" 0 0.00385519873549481 0 0
"beginnings" 0 0 0.00659369642621654 0
"begun" 0 0 0 0.00422225975342003
"behoved" 0 0.00385519873549481 0 0
"belonged" 0 0.00385519873549481 0 0
"belonging" 0 0.00385519873549481 0 0
"benefactors" 0 0.00385519873549481 0 0
"best" 0 0.00385519873549481 0 0
"bestowed" 0.00523724730281764 0 0 0
"bethabara" 0.00523724730281764 0 0 0
"bethesda" 0.00523724730281764 0 0 0
"betrayest" 0 0.00385519873549481 0 0
"bettered" 0 0 0.00659369642621654 0
"bewrayeth" 0 0 0 0.00422225975342003
"bier" 0 0.00385519873549481 0 0
"black" 0 0 0 0.00422225975342003
"blasphemest" 0.00523724730281764 0 0 0
"blasphemously" 0 0.00385519873549481 0 0
"blaze" 0 0 0.00659369642621654 0
"blessing" 0 0.00385519873549481 0 0
"blinded" 0.00523724730281764 0 0 0
"blindfolded" 0 0.00385519873549481 0 0
"blow" 0 0.00385519873549481 0 0
"bloweth" 0.00523724730281764 0 0 0
"boanerges" 0 0 0.00659369642621654 0
"boats" 0.00523724730281764 0 0 0
"bodily" 0 0.00385519873549481 0 0
"boisterous" 0 0 0 0.00422225975342003
"bond" 0 0.00385519873549481 0 0
"bondage" 0.00523724730281764 0 0 0
"bone" 0.00523724730281764 0 0 0
"books" 0.00523724730281764 0 0 0
"borrow" 0 0 0 0.00422225975342003
"bowing" 0 0 0.00659369642621654 0
"bramble" 0 0.00385519873549481 0 0
"brasen" 0 0 0.00659369642621654 0
"brass" 0 0 0 0.00422225975342003
"breaking" 0 0.00385519873549481 0 0
"breasts" 0 0.00385519873549481 0 0
"breathed" 0.00523724730281764 0 0 0
"bride" 0.00523724730281764 0 0 0
"bridegroom^s" 0.00523724730281764 0 0 0
"brim" 0.00523724730281764 0 0 0
"brimstone" 0 0.00385519873549481 0 0
"broiled" 0 0.00385519873549481 0 0
"brokenhearted" 0 0.00385519873549481 0 0
"brood" 0 0.00385519873549481 0 0
"brook" 0.00523724730281764 0 0 0
"brow" 0 0.00385519873549481 0 0
"bruising" 0 0.00385519873549481 0 0
"buffet" 0 0 0.00659369642621654 0
"buffeted" 0 0 0 0.00422225975342003
"builded" 0 0.00385519873549481 0 0
"building" 0.00523724730281764 0 0 0
"bundles" 0 0 0 0.00422225975342003
"burial" 0 0 0 0.00422225975342003
"burnt" 0 0 0.00659369642621654 0
"business" 0 0.00385519873549481 0 0
"buyeth" 0 0 0 0.00422225975342003
"calvary" 0 0.00385519873549481 0 0
"canaan" 0 0 0 0.00422225975342003
"captain" 0.00523724730281764 0 0 0
"captive" 0 0.00385519873549481 0 0
"captives" 0 0.00385519873549481 0 0
"carcase" 0 0 0 0.00422225975342003
"cared" 0.00523724730281764 0 0 0
"careful" 0 0.00385519873549481 0 0
"careth" 0.00523724730281764 0 0 0
"carpenter" 0 0 0.00659369642621654 0
"carpenter^s" 0 0 0 0.00422225975342003
"caused" 0.00523724730281764 0 0 0
"causeth" 0 0 0 0.00422225975342003
"cave" 0.00523724730281764 0 0 0
"cedron" 0.00523724730281764 0 0 0
"centurion^s" 0 0.00385519873549481 0 0
"cephas" 0.00523724730281764 0 0 0
"certainly" 0 0.00385519873549481 0 0
"certainty" 0 0.00385519873549481 0 0
"chambers" 0 0 0 0.00422225975342003
"chance" 0 0.00385519873549481 0 0
"chickens" 0 0 0 0.00422225975342003
"chiefest" 0 0 0.00659369642621654 0
"child^s" 0 0 0 0.00422225975342003
"childless" 0 0.00385519873549481 0 0
"chuza" 0 0.00385519873549481 0 0
"circumcising" 0 0.00385519873549481 0 0
"citizen" 0 0.00385519873549481 0 0
"citizens" 0 0.00385519873549481 0 0
"cleaveth" 0 0.00385519873549481 0 0
"cleopas" 0 0.00385519873549481 0 0
"cleophas" 0.00523724730281764 0 0 0
"climbed" 0 0.00385519873549481 0 0
"climbeth" 0.00523724730281764 0 0 0
"close" 0 0.00385519873549481 0 0
"closet" 0 0 0 0.00422225975342003
"closets" 0 0.00385519873549481 0 0
"cockcrowing" 0 0 0.00659369642621654 0
"comfortless" 0.00523724730281764 0 0 0
"commanding" 0 0 0 0.00422225975342003
"commend" 0 0.00385519873549481 0 0
"commended" 0 0.00385519873549481 0 0
"commonly" 0 0 0 0.00422225975342003
"commotions" 0 0.00385519873549481 0 0
"communication" 0 0 0 0.00422225975342003
"communications" 0 0.00385519873549481 0 0
"companies" 0 0 0.00659369642621654 0
"compare" 0 0 0.00659369642621654 0
"comparison" 0 0 0.00659369642621654 0
"compassed" 0 0.00385519873549481 0 0
"compelled" 0 0 0 0.00422225975342003
"comprehended" 0.00523724730281764 0 0 0
"conceive" 0 0.00385519873549481 0 0
"conditions" 0 0.00385519873549481 0 0
"confidently" 0 0.00385519873549481 0 0
"confirming" 0 0 0.00659369642621654 0
"conscience" 0.00523724730281764 0 0 0
"consent" 0 0.00385519873549481 0 0
"consented" 0 0.00385519873549481 0 0
"considered" 0 0 0.00659369642621654 0
"considerest" 0 0 0 0.00422225975342003
"consisteth" 0 0.00385519873549481 0 0
"consultation" 0 0 0.00659369642621654 0
"consulteth" 0 0.00385519873549481 0 0
"consume" 0 0.00385519873549481 0 0
"contain" 0.00523724730281764 0 0 0
"containing" 0.00523724730281764 0 0 0
"continual" 0 0.00385519873549481 0 0
"continually" 0 0.00385519873549481 0 0
"convenient" 0 0 0.00659369642621654 0
"conveniently" 0 0 0.00659369642621654 0
"conveyed" 0.00523724730281764 0 0 0
"convicted" 0.00523724730281764 0 0 0
"convinceth" 0.00523724730281764 0 0 0
"cool" 0 0.00385519873549481 0 0
"corban" 0 0 0.00659369642621654 0
"cords" 0.00523724730281764 0 0 0
"corners" 0 0 0 0.00422225975342003
"corpse" 0 0 0.00659369642621654 0
"corrupteth" 0 0.00385519873549481 0 0
"cosam" 0 0.00385519873549481 0 0
"cost" 0 0.00385519873549481 0 0
"costly" 0.00523724730281764 0 0 0
"counteth" 0 0.00385519873549481 0 0
"countries" 0 0.00385519873549481 0 0
"courts" 0 0.00385519873549481 0 0
"cousin" 0 0.00385519873549481 0 0
"cousins" 0 0.00385519873549481 0 0
"covenant" 0 0.00385519873549481 0 0
"covereth" 0 0.00385519873549481 0 0
"covetous" 0 0.00385519873549481 0 0
"craft" 0 0 0.00659369642621654 0
"craftiness" 0 0.00385519873549481 0 0
"craved" 0 0 0.00659369642621654 0
"created" 0 0 0.00659369642621654 0
"creature" 0 0 0.00659369642621654 0
"creditor" 0 0.00385519873549481 0 0
"crooked" 0 0.00385519873549481 0 0
"cubits" 0.00523724730281764 0 0 0
"cumbered" 0 0.00385519873549481 0 0
"cumbereth" 0 0.00385519873549481 0 0
"cumi" 0 0 0.00659369642621654 0
"cummin" 0 0 0 0.00422225975342003
"cures" 0 0.00385519873549481 0 0
"cursedst" 0 0 0.00659369642621654 0
"cutting" 0 0 0.00659369642621654 0
"cyrene" 0 0 0 0.00422225975342003
"cyrenius" 0 0.00385519873549481 0 0
"dalmanutha" 0 0 0.00659369642621654 0
"damned" 0 0 0.00659369642621654 0
"dancing" 0 0.00385519873549481 0 0
"david^s" 0 0.00385519873549481 0 0
"dawn" 0 0 0 0.00422225975342003
"day^s" 0 0.00385519873549481 0 0
"dayspring" 0 0.00385519873549481 0 0
"deadly" 0 0 0.00659369642621654 0
"dealings" 0.00523724730281764 0 0 0
"dear" 0 0.00385519873549481 0 0
"debtor" 0 0 0 0.00422225975342003
"debts" 0 0 0 0.00422225975342003
"decease" 0 0.00385519873549481 0 0
"deceased" 0 0 0 0.00422225975342003
"deceit" 0 0 0.00659369642621654 0
"deceiver" 0 0 0 0.00422225975342003
"deceiveth" 0.00523724730281764 0 0 0
"declaration" 0 0.00385519873549481 0 0
"decrease" 0.00523724730281764 0 0 0
"decree" 0 0.00385519873549481 0 0
"dedication" 0.00523724730281764 0 0 0
"deeply" 0 0 0.00659369642621654 0
"deepness" 0 0 0 0.00422225975342003
"defraud" 0 0 0.00659369642621654 0
"degree" 0 0.00385519873549481 0 0
"delicately" 0 0.00385519873549481 0 0
"deliverance" 0 0.00385519873549481 0 0
"delivering" 0 0.00385519873549481 0 0
"denieth" 0 0.00385519873549481 0 0
"departeth" 0 0.00385519873549481 0 0
"descend" 0 0 0.00659369642621654 0
"descent" 0 0.00385519873549481 0 0
"deserts" 0 0.00385519873549481 0 0
"desiredst" 0 0 0 0.00422225975342003
"despised" 0 0.00385519873549481 0 0
"destruction" 0 0 0 0.00422225975342003
"determined" 0 0.00385519873549481 0 0
"devout" 0 0.00385519873549481 0 0
"diligence" 0 0.00385519873549481 0 0
"dined" 0.00523724730281764 0 0 0
"dip" 0 0.00385519873549481 0 0
"discreetly" 0 0 0.00659369642621654 0
"disfigure" 0 0 0 0.00422225975342003
"dishonour" 0.00523724730281764 0 0 0
"disobedient" 0 0.00385519873549481 0 0
"dispersed" 0.00523724730281764 0 0 0
"distribute" 0 0.00385519873549481 0 0
"distributed" 0.00523724730281764 0 0 0
"divider" 0 0.00385519873549481 0 0
"divorced" 0 0 0 0.00422225975342003
"dominion" 0 0 0 0.00422225975342003
"doubted" 0 0 0 0.00422225975342003
"doubtful" 0 0.00385519873549481 0 0
"doubting" 0.00523724730281764 0 0 0
"dragging" 0.00523724730281764 0 0 0
"drawing" 0.00523724730281764 0 0 0
"dresser" 0 0.00385519873549481 0 0
"driven" 0 0.00385519873549481 0 0
"driveth" 0 0 0.00659369642621654 0
"drops" 0 0.00385519873549481 0 0
"dropsy" 0 0.00385519873549481 0 0
"drove" 0.00523724730281764 0 0 0
"drowned" 0 0 0 0.00422225975342003
"drunkenness" 0 0.00385519873549481 0 0
"dull" 0 0 0 0.00422225975342003
"dung" 0 0.00385519873549481 0 0
"dunghill" 0 0.00385519873549481 0 0
"dureth" 0 0 0 0.00422225975342003
"duty" 0 0.00385519873549481 0 0
"dwellest" 0.00523724730281764 0 0 0
"dwelling" 0 0 0.00659369642621654 0
"each" 0 0.00385519873549481 0 0
"ease" 0 0.00385519873549481 0 0
"easy" 0 0 0 0.00422225975342003
"edge" 0 0.00385519873549481 0 0
"egg" 0 0.00385519873549481 0 0
"eighth" 0 0.00385519873549481 0 0
"elder" 0 0.00385519873549481 0 0
"eldest" 0.00523724730281764 0 0 0
"eliezer" 0 0.00385519873549481 0 0
"elisabeth^s" 0 0.00385519873549481 0 0
"eliseus" 0 0.00385519873549481 0 0
"elmodam" 0 0.00385519873549481 0 0
"emmanuel" 0 0 0 0.00422225975342003
"emmaus" 0 0.00385519873549481 0 0
"endued" 0 0.00385519873549481 0 0
"enlarge" 0 0 0 0.00422225975342003
"enmity" 0 0.00385519873549481 0 0
"enoch" 0 0.00385519873549481 0 0
"enos" 0 0.00385519873549481 0 0
"entangle" 0 0 0 0.00422225975342003
"ephphatha" 0 0 0.00659369642621654 0
"ephraim" 0.00523724730281764 0 0 0
"er" 0 0.00385519873549481 0 0
"ere" 0.00523724730281764 0 0 0
"error" 0 0 0 0.00422225975342003
"escaped" 0.00523724730281764 0 0 0
"esli" 0 0.00385519873549481 0 0
"established" 0 0 0 0.00422225975342003
"estate" 0 0.00385519873549481 0 0
"estates" 0 0 0.00659369642621654 0
"esteemed" 0 0.00385519873549481 0 0
"eventide" 0 0 0.00659369642621654 0
"evermore" 0.00523724730281764 0 0 0
"evils" 0 0.00385519873549481 0 0
"exact" 0 0.00385519873549481 0 0
"exalt" 0 0 0 0.00422225975342003
"examined" 0 0.00385519873549481 0 0
"exceed" 0 0 0 0.00422225975342003
"excellent" 0 0.00385519873549481 0 0
"excess" 0 0 0 0.00422225975342003
"exchangers" 0 0 0 0.00422225975342003
"excuse" 0 0.00385519873549481 0 0
"execute" 0.00523724730281764 0 0 0
"executed" 0 0.00385519873549481 0 0
"executioner" 0 0 0.00659369642621654 0
"exhortation" 0 0.00385519873549481 0 0
"expectation" 0 0.00385519873549481 0 0
"extortion" 0 0 0 0.00422225975342003
"extortioners" 0 0.00385519873549481 0 0
"eyewitnesses" 0 0.00385519873549481 0 0
"faileth" 0 0.00385519873549481 0 0
"failing" 0 0.00385519873549481 0 0
"fain" 0 0.00385519873549481 0 0
"fainted" 0 0 0 0.00422225975342003
"fair" 0 0 0 0.00422225975342003
"fallen" 0 0.00385519873549481 0 0
"fared" 0 0.00385519873549481 0 0
"farewell" 0 0.00385519873549481 0 0
"farm" 0 0 0 0.00422225975342003
"farthings" 0 0.00385519873549481 0 0
"fasted" 0 0 0 0.00422225975342003
"fastened" 0 0.00385519873549481 0 0
"fastest" 0 0 0 0.00422225975342003
"fastings" 0 0.00385519873549481 0 0
"fatlings" 0 0 0 0.00422225975342003
"favoured" 0 0.00385519873549481 0 0
"fearing" 0 0 0.00659369642621654 0
"feign" 0 0.00385519873549481 0 0
"fellowdisciples" 0.00523724730281764 0 0 0
"fellows" 0 0 0 0.00422225975342003
"felt" 0 0 0.00659369642621654 0
"fifteen" 0.00523724730281764 0 0 0
"fifteenth" 0 0.00385519873549481 0 0
"fight" 0.00523724730281764 0 0 0
"finding" 0 0.00385519873549481 0 0
"firkins" 0.00523724730281764 0 0 0
"fisher^s" 0.00523724730281764 0 0 0
"fishermen" 0 0.00385519873549481 0 0
"fishing" 0.00523724730281764 0 0 0
"fixed" 0 0.00385519873549481 0 0
"flame" 0 0.00385519873549481 0 0
"flax" 0 0 0 0.00422225975342003
"flow" 0.00523724730281764 0 0 0
"foal" 0 0 0 0.00422225975342003
"foaming" 0 0 0.00659369642621654 0
"foes" 0 0 0 0.00422225975342003
"foolishness" 0 0 0.00659369642621654 0
"forbidding" 0 0.00385519873549481 0 0
"foretold" 0 0 0.00659369642621654 0
"forewarn" 0 0.00385519873549481 0 0
"forgiveness" 0 0 0.00659369642621654 0
"forgiveth" 0 0.00385519873549481 0 0
"form" 0 0 0.00659369642621654 0
"forsaketh" 0 0.00385519873549481 0 0
"forsomuch" 0 0.00385519873549481 0 0
"forswear" 0 0 0 0.00422225975342003
"forward" 0 0 0.00659369642621654 0
"fountain" 0 0 0.00659369642621654 0
"fourfold" 0 0.00385519873549481 0 0
"fox" 0 0.00385519873549481 0 0
"frankincense" 0 0 0 0.00422225975342003
"frankly" 0 0.00385519873549481 0 0
"fuller" 0 0 0.00659369642621654 0
"fulness" 0.00523724730281764 0 0 0
"gabbatha" 0.00523724730281764 0 0 0
"gainsay" 0 0.00385519873549481 0 0
"gall" 0 0 0 0.00422225975342003
"gardener" 0.00523724730281764 0 0 0
"garnish" 0 0 0 0.00422225975342003
"gates" 0 0 0 0.00422225975342003
"gathering" 0 0 0 0.00422225975342003
"gergesenes" 0 0 0 0.00422225975342003
"girdest" 0.00523724730281764 0 0 0
"girt" 0.00523724730281764 0 0 0
"glistering" 0 0.00385519873549481 0 0
"glorious" 0 0.00385519873549481 0 0
"gnasheth" 0 0 0.00659369642621654 0
"gnat" 0 0 0 0.00422225975342003
"gorgeous" 0 0.00385519873549481 0 0
"gorgeously" 0 0.00385519873549481 0 0
"governor^s" 0 0 0 0.00422225975342003
"governors" 0 0 0 0.00422225975342003
"gracious" 0 0.00385519873549481 0 0
"graveclothes" 0.00523724730281764 0 0 0
"greeks" 0.00523724730281764 0 0 0
"groaned" 0.00523724730281764 0 0 0
"groaning" 0.00523724730281764 0 0 0
"gross" 0 0 0 0.00422225975342003
"groweth" 0 0 0.00659369642621654 0
"grown" 0 0 0 0.00422225975342003
"guest" 0 0.00385519873549481 0 0
"guile" 0.00523724730281764 0 0 0
"guiltless" 0 0 0 0.00422225975342003
"gulf" 0 0.00385519873549481 0 0
"habitations" 0 0.00385519873549481 0 0
"hale" 0 0.00385519873549481 0 0
"handle" 0 0.00385519873549481 0 0
"handled" 0 0 0.00659369642621654 0
"handmaid" 0 0.00385519873549481 0 0
"handmaiden" 0 0.00385519873549481 0 0
"hang" 0 0 0 0.00422225975342003
"happen" 0 0 0.00659369642621654 0
"happened" 0 0.00385519873549481 0 0
"happy" 0.00523724730281764 0 0 0
"harmless" 0 0 0 0.00422225975342003
"hastily" 0.00523724730281764 0 0 0
"headlong" 0 0.00385519873549481 0 0
"heaven^s" 0 0 0 0.00422225975342003
"heber" 0 0.00385519873549481 0 0
"hedge" 0 0 0.00659369642621654 0
"hedged" 0 0 0 0.00422225975342003
"hedges" 0 0.00385519873549481 0 0
"heel" 0.00523724730281764 0 0 0
"heli" 0 0.00385519873549481 0 0
"henceforward" 0 0 0 0.00422225975342003
"hereof" 0 0 0 0.00422225975342003
"hide" 0.00523724730281764 0 0 0
"hideth" 0 0 0 0.00422225975342003
"higher" 0 0.00385519873549481 0 0
"highway" 0 0 0.00659369642621654 0
"hills" 0 0.00385519873549481 0 0
"hinder" 0 0 0.00659369642621654 0
"hindered" 0 0.00385519873549481 0 0
"holden" 0 0.00385519873549481 0 0
"holding" 0 0 0.00659369642621654 0
"holiness" 0 0.00385519873549481 0 0
"holpen" 0 0.00385519873549481 0 0
"honest" 0 0.00385519873549481 0 0
"honeycomb" 0 0.00385519873549481 0 0
"hook" 0 0 0 0.00422225975342003
"hope" 0 0.00385519873549481 0 0
"hoped" 0 0.00385519873549481 0 0
"hoping" 0 0.00385519873549481 0 0
"horn" 0 0.00385519873549481 0 0
"hours" 0.00523724730281764 0 0 0
"hundreds" 0 0 0.00659369642621654 0
"husbandman" 0.00523724730281764 0 0 0
"husbands" 0.00523724730281764 0 0 0
"husks" 0 0.00385519873549481 0 0
"hyssop" 0.00523724730281764 0 0 0
"idumaea" 0 0 0.00659369642621654 0
"imagination" 0 0.00385519873549481 0 0
"impart" 0 0.00385519873549481 0 0
"impediment" 0 0 0.00659369642621654 0
"importunity" 0 0.00385519873549481 0 0
"inclosed" 0 0.00385519873549481 0 0
"indebted" 0 0.00385519873549481 0 0
"infants" 0 0.00385519873549481 0 0
"innumerable" 0 0.00385519873549481 0 0
"instantly" 0 0.00385519873549481 0 0
"intending" 0 0.00385519873549481 0 0
"intreated" 0 0.00385519873549481 0 0
"inward" 0 0.00385519873549481 0 0
"inwardly" 0 0 0 0.00422225975342003
"israelite" 0.00523724730281764 0 0 0
"ituraea" 0 0.00385519873549481 0 0
"jacob^s" 0.00523724730281764 0 0 0
"janna" 0 0.00385519873549481 0 0
"jared" 0 0.00385519873549481 0 0
"jeopardy" 0 0.00385519873549481 0 0
"jeremias" 0 0 0 0.00422225975342003
"jew^s" 0.00523724730281764 0 0 0
"john^s" 0.00523724730281764 0 0 0
"jona" 0.00523724730281764 0 0 0
"jonan" 0 0.00385519873549481 0 0
"jorim" 0 0.00385519873549481 0 0
"jose" 0 0.00385519873549481 0 0
"joseph^s" 0 0.00385519873549481 0 0
"jot" 0 0 0 0.00422225975342003
"journeyed" 0 0.00385519873549481 0 0
"journeying" 0 0.00385519873549481 0 0
"joyfully" 0 0.00385519873549481 0 0
"jurisdiction" 0 0.00385519873549481 0 0
"justly" 0 0.00385519873549481 0 0
"keepers" 0 0 0 0.00422225975342003
"keeping" 0 0.00385519873549481 0 0
"key" 0 0.00385519873549481 0 0
"keys" 0 0 0 0.00422225975342003
"kid" 0 0.00385519873549481 0 0
"killeth" 0.00523724730281764 0 0 0
"killing" 0 0 0.00659369642621654 0
"kin" 0 0 0.00659369642621654 0
"kindred" 0 0.00385519873549481 0 0
"kinsfolk" 0 0.00385519873549481 0 0
"kinsfolks" 0 0.00385519873549481 0 0
"kinsman" 0.00523724730281764 0 0 0
"kinsmen" 0 0.00385519873549481 0 0
"knee" 0 0 0 0.00422225975342003
"laboured" 0.00523724730281764 0 0 0
"labourer" 0 0.00385519873549481 0 0
"labours" 0.00523724730281764 0 0 0
"lack" 0 0 0 0.00422225975342003
"lad" 0.00523724730281764 0 0 0
"lade" 0 0.00385519873549481 0 0
"laden" 0 0 0 0.00422225975342003
"lamech" 0 0.00385519873549481 0 0
"lament" 0.00523724730281764 0 0 0
"lamentation" 0 0 0 0.00422225975342003
"lanes" 0 0.00385519873549481 0 0
"lanterns" 0.00523724730281764 0 0 0
"lasciviousness" 0 0 0.00659369642621654 0
"late" 0.00523724730281764 0 0 0
"launch" 0 0.00385519873549481 0 0
"launched" 0 0.00385519873549481 0 0
"layedst" 0 0.00385519873549481 0 0
"leaders" 0 0 0 0.00422225975342003
"leaned" 0.00523724730281764 0 0 0
"leaning" 0.00523724730281764 0 0 0
"leap" 0 0.00385519873549481 0 0
"leathern" 0 0 0 0.00422225975342003
"lebbaeus" 0 0 0 0.00422225975342003
"legions" 0 0 0 0.00422225975342003
"leisure" 0 0 0.00659369642621654 0
"lettest" 0 0.00385519873549481 0 0
"levite" 0 0.00385519873549481 0 0
"levites" 0.00523724730281764 0 0 0
"liberty" 0 0.00385519873549481 0 0
"licked" 0 0.00385519873549481 0 0
"lifetime" 0 0.00385519873549481 0 0
"lighten" 0 0.00385519873549481 0 0
"lighteneth" 0 0.00385519873549481 0 0
"lighteth" 0.00523724730281764 0 0 0
"lighting" 0 0 0 0.00422225975342003
"lightly" 0 0 0.00659369642621654 0
"lights" 0 0.00385519873549481 0 0
"lineage" 0 0.00385519873549481 0 0
"listeth" 0.00523724730281764 0 0 0
"lived" 0 0.00385519873549481 0 0
"lives" 0 0.00385519873549481 0 0
"loaf" 0 0 0.00659369642621654 0
"longer" 0 0.00385519873549481 0 0
"lords" 0 0 0.00659369642621654 0
"loseth" 0 0 0 0.00422225975342003
"lot^s" 0 0.00385519873549481 0 0
"lovedst" 0.00523724730281764 0 0 0
"lowering" 0 0 0 0.00422225975342003
"lowly" 0 0 0 0.00422225975342003
"lust" 0 0 0 0.00422225975342003
"lysanias" 0 0.00385519873549481 0 0
"maath" 0 0.00385519873549481 0 0
"mad" 0.00523724730281764 0 0 0
"madness" 0 0.00385519873549481 0 0
"magdala" 0 0 0 0.00422225975342003
"magistrate" 0 0.00385519873549481 0 0
"magistrates" 0 0.00385519873549481 0 0
"magnify" 0 0.00385519873549481 0 0
"maiden" 0 0.00385519873549481 0 0
"maidens" 0 0.00385519873549481 0 0
"maids" 0 0 0.00659369642621654 0
"malchus" 0.00523724730281764 0 0 0
"malefactor" 0.00523724730281764 0 0 0
"maleleel" 0 0.00385519873549481 0 0
"manifold" 0 0.00385519873549481 0 0
"mansions" 0.00523724730281764 0 0 0
"marked" 0 0.00385519873549481 0 0
"marketplaces" 0 0 0.00659369642621654 0
"marred" 0 0 0.00659369642621654 0
"marrying" 0 0 0 0.00422225975342003
"mathusala" 0 0.00385519873549481 0 0
"mattatha" 0 0.00385519873549481 0 0
"matters" 0 0 0 0.00422225975342003
"meats" 0 0 0.00659369642621654 0
"meditate" 0 0.00385519873549481 0 0
"melea" 0 0.00385519873549481 0 0
"menan" 0 0.00385519873549481 0 0
"menservants" 0 0.00385519873549481 0 0
"merchant" 0 0 0 0.00422225975342003
"message" 0 0.00385519873549481 0 0
"mile" 0 0 0 0.00422225975342003
"mill" 0 0 0 0.00422225975342003
"minded" 0 0 0 0.00422225975342003
"ministering" 0 0 0 0.00422225975342003
"ministers" 0 0.00385519873549481 0 0
"ministration" 0 0.00385519873549481 0 0
"minstrels" 0 0 0 0.00422225975342003
"miserably" 0 0 0 0.00422225975342003
"mite" 0 0.00385519873549481 0 0
"mixture" 0.00523724730281764 0 0 0
"moisture" 0 0.00385519873549481 0 0
"moment" 0 0.00385519873549481 0 0
"mothers" 0 0 0.00659369642621654 0
"mourning" 0 0 0 0.00422225975342003
"move" 0 0 0 0.00422225975342003
"moving" 0.00523724730281764 0 0 0
"murderer" 0.00523724730281764 0 0 0
"murderers" 0 0 0 0.00422225975342003
"murmur" 0.00523724730281764 0 0 0
"murmuring" 0.00523724730281764 0 0 0
"mused" 0 0.00385519873549481 0 0
"musick" 0 0.00385519873549481 0 0
"mystery" 0 0 0.00659369642621654 0
"naaman" 0 0.00385519873549481 0 0
"nachor" 0 0.00385519873549481 0 0
"nagge" 0 0.00385519873549481 0 0
"nain" 0 0.00385519873549481 0 0
"namely" 0 0 0.00659369642621654 0
"narrow" 0 0 0 0.00422225975342003
"nathan" 0 0.00385519873549481 0 0
"naum" 0 0.00385519873549481 0 0
"nazarene" 0 0 0 0.00422225975342003
"necessity" 0 0.00385519873549481 0 0
"needed" 0.00523724730281764 0 0 0
"needest" 0.00523724730281764 0 0 0
"needful" 0 0.00385519873549481 0 0
"needle^s" 0 0.00385519873549481 0 0
"neri" 0 0.00385519873549481 0 0
"nineve" 0 0.00385519873549481 0 0
"nineveh" 0 0 0 0.00422225975342003
"ninevites" 0 0.00385519873549481 0 0
"noise" 0 0 0 0.00422225975342003
"north" 0 0.00385519873549481 0 0
"notable" 0 0 0 0.00422225975342003
"oaths" 0 0 0 0.00422225975342003
"observation" 0 0.00385519873549481 0 0
"occupy" 0 0.00385519873549481 0 0
"odour" 0.00523724730281764 0 0 0
"offering" 0 0.00385519873549481 0 0
"oftentimes" 0 0.00385519873549481 0 0
"ointments" 0 0.00385519873549481 0 0
"omitted" 0 0 0 0.00422225975342003
"ordinances" 0 0.00385519873549481 0 0
"oughtest" 0 0 0 0.00422225975342003
"our^s" 0 0 0.00659369642621654 0
"ours" 0 0.00385519873549481 0 0
"outrun" 0.00523724730281764 0 0 0
"outward" 0 0 0 0.00422225975342003
"outwardly" 0 0 0 0.00422225975342003
"outwent" 0 0 0.00659369642621654 0
"overcharged" 0 0.00385519873549481 0 0
"overshadow" 0 0.00385519873549481 0 0
"owners" 0 0.00385519873549481 0 0
"pair" 0 0.00385519873549481 0 0
"paradise" 0 0.00385519873549481 0 0
"parcel" 0.00523724730281764 0 0 0
"partakers" 0 0 0 0.00422225975342003
"passeth" 0 0.00385519873549481 0 0
"passing" 0 0.00385519873549481 0 0
"pasture" 0.00523724730281764 0 0 0
"pavement" 0.00523724730281764 0 0 0
"payment" 0 0 0 0.00422225975342003
"peacemakers" 0 0 0 0.00422225975342003
"pearl" 0 0 0 0.00422225975342003
"penury" 0 0.00385519873549481 0 0
"people^s" 0 0 0 0.00422225975342003
"perceivest" 0 0.00385519873549481 0 0
"perdition" 0.00523724730281764 0 0 0
"perfection" 0 0.00385519873549481 0 0
"perfectly" 0 0 0 0.00422225975342003
"performance" 0 0.00385519873549481 0 0
"perisheth" 0.00523724730281764 0 0 0
"perplexity" 0 0.00385519873549481 0 0
"persecutions" 0 0 0.00659369642621654 0
"persons" 0 0.00385519873549481 0 0
"persuade" 0 0 0 0.00422225975342003
"perverteth" 0 0.00385519873549481 0 0
"perverting" 0 0.00385519873549481 0 0
"phalec" 0 0.00385519873549481 0 0
"phanuel" 0 0.00385519873549481 0 0
"phylacteries" 0 0 0 0.00422225975342003
"pierce" 0 0.00385519873549481 0 0
"pigeons" 0 0.00385519873549481 0 0
"pillow" 0 0 0.00659369642621654 0
"pineth" 0 0 0.00659369642621654 0
"pity" 0 0 0 0.00422225975342003
"plant" 0 0 0 0.00422225975342003
"please" 0.00523724730281764 0 0 0
"pleasure" 0 0.00385519873549481 0 0
"pleasures" 0 0.00385519873549481 0 0
"plenteous" 0 0 0 0.00422225975342003
"plentifully" 0 0.00385519873549481 0 0
"plough" 0 0.00385519873549481 0 0
"plowing" 0 0.00385519873549481 0 0
"pondered" 0 0.00385519873549481 0 0
"porches" 0.00523724730281764 0 0 0
"possesseth" 0 0.00385519873549481 0 0
"poureth" 0.00523724730281764 0 0 0
"pouring" 0 0.00385519873549481 0 0
"praetorium" 0 0 0.00659369642621654 0
"praised" 0 0.00385519873549481 0 0
"precept" 0 0 0.00659369642621654 0
"premeditate" 0 0 0.00659369642621654 0
"presented" 0 0 0 0.00422225975342003
"preserve" 0 0.00385519873549481 0 0
"presseth" 0 0.00385519873549481 0 0
"prevailed" 0 0.00385519873549481 0 0
"prevented" 0 0 0 0.00422225975342003
"pride" 0 0 0.00659369642621654 0
"prisons" 0 0.00385519873549481 0 0
"proclaimed" 0 0.00385519873549481 0 0
"profane" 0 0 0 0.00422225975342003
"profess" 0 0 0 0.00422225975342003
"profit" 0 0 0.00659369642621654 0
"profiteth" 0.00523724730281764 0 0 0
"promise" 0 0.00385519873549481 0 0
"prophecy" 0 0 0 0.00422225975342003
"prophet^s" 0 0 0 0.00422225975342003
"prophetess" 0 0.00385519873549481 0 0
"proselyte" 0 0 0 0.00422225975342003
"proud" 0 0.00385519873549481 0 0
"provided" 0 0.00385519873549481 0 0
"provoke" 0 0.00385519873549481 0 0
"publick" 0 0 0 0.00422225975342003
"punishment" 0 0 0 0.00422225975342003
"pure" 0 0 0 0.00422225975342003
"purgeth" 0.00523724730281764 0 0 0
"purging" 0 0 0.00659369642621654 0
"purification" 0 0.00385519873549481 0 0
"purify" 0.00523724730281764 0 0 0
"purpose" 0 0 0 0.00422225975342003
"purses" 0 0 0 0.00422225975342003
"quake" 0 0 0 0.00422225975342003
"quarrel" 0 0 0.00659369642621654 0
"quarter" 0 0 0.00659369642621654 0
"quench" 0 0 0 0.00422225975342003
"rabboni" 0.00523724730281764 0 0 0
"raca" 0 0 0 0.00422225975342003
"rachab" 0 0 0 0.00422225975342003
"rachel" 0 0 0 0.00422225975342003
"ragau" 0 0.00385519873549481 0 0
"raging" 0 0.00385519873549481 0 0
"rained" 0 0.00385519873549481 0 0
"raiseth" 0.00523724730281764 0 0 0
"rama" 0 0 0 0.00422225975342003
"ranks" 0 0 0.00659369642621654 0
"ravens" 0 0.00385519873549481 0 0
"readest" 0 0.00385519873549481 0 0
"reapest" 0 0.00385519873549481 0 0
"rear" 0.00523724730281764 0 0 0
"rebuking" 0 0.00385519873549481 0 0
"receivedst" 0 0.00385519873549481 0 0
"reckon" 0 0 0 0.00422225975342003
"reckoned" 0 0.00385519873549481 0 0
"reckoneth" 0 0 0 0.00422225975342003
"recompence" 0 0.00385519873549481 0 0
"recompense" 0 0.00385519873549481 0 0
"recompensed" 0 0.00385519873549481 0 0
"reconciled" 0 0 0 0.00422225975342003
"recover" 0 0 0.00659369642621654 0
"recovering" 0 0.00385519873549481 0 0
"regard" 0 0.00385519873549481 0 0
"regeneration" 0 0 0 0.00422225975342003
"rejecteth" 0.00523724730281764 0 0 0
"rejoicing" 0 0.00385519873549481 0 0
"remaineth" 0.00523724730281764 0 0 0
"remaining" 0.00523724730281764 0 0 0
"rememberest" 0 0 0 0.00422225975342003
"remembereth" 0.00523724730281764 0 0 0
"remit" 0.00523724730281764 0 0 0
"remitted" 0.00523724730281764 0 0 0
"remnant" 0 0 0 0.00422225975342003
"repay" 0 0.00385519873549481 0 0
"repetitions" 0 0 0 0.00422225975342003
"report" 0.00523724730281764 0 0 0
"reported" 0 0 0 0.00422225975342003
"reproachest" 0 0.00385519873549481 0 0
"reprove" 0.00523724730281764 0 0 0
"requiring" 0 0.00385519873549481 0 0
"resemble" 0 0.00385519873549481 0 0
"residue" 0 0 0.00659369642621654 0
"resolved" 0 0.00385519873549481 0 0
"rested" 0 0.00385519873549481 0 0
"restoreth" 0 0 0.00659369642621654 0
"retain" 0.00523724730281764 0 0 0
"retained" 0.00523724730281764 0 0 0
"returning" 0 0.00385519873549481 0 0
"revile" 0 0 0 0.00422225975342003
"rhesa" 0 0.00385519873549481 0 0
"ring" 0 0.00385519873549481 0 0
"riotous" 0 0.00385519873549481 0 0
"riseth" 0.00523724730281764 0 0 0
"river" 0 0 0.00659369642621654 0
"rivers" 0.00523724730281764 0 0 0
"roaring" 0 0.00385519873549481 0 0
"robbers" 0.00523724730281764 0 0 0
"robes" 0 0.00385519873549481 0 0
"rocks" 0 0 0 0.00422225975342003
"roll" 0 0 0.00659369642621654 0
"romans" 0.00523724730281764 0 0 0
"rooted" 0 0 0 0.00422225975342003
"roots" 0 0 0.00659369642621654 0
"rough" 0 0.00385519873549481 0 0
"rowed" 0.00523724730281764 0 0 0
"rowing" 0 0 0.00659369642621654 0
"rubbing" 0 0.00385519873549481 0 0
"rue" 0 0.00385519873549481 0 0
"rufus" 0 0 0.00659369642621654 0
"ruin" 0 0.00385519873549481 0 0
"ruler^s" 0 0 0 0.00422225975342003
"rumour" 0 0.00385519873549481 0 0
"run" 0 0 0 0.00422225975342003
"ruth" 0 0 0 0.00422225975342003
"safe" 0 0.00385519873549481 0 0
"safely" 0 0 0.00659369642621654 0
"saidst" 0.00523724730281764 0 0 0
"sailed" 0 0.00385519873549481 0 0
"saints" 0 0 0 0.00422225975342003
"sala" 0 0.00385519873549481 0 0
"salim" 0.00523724730281764 0 0 0
"saltness" 0 0 0.00659369642621654 0
"salutations" 0 0 0.00659369642621654 0
"sand" 0 0 0 0.00422225975342003
"sandals" 0 0 0.00659369642621654 0
"sarepta" 0 0.00385519873549481 0 0
"saruch" 0 0.00385519873549481 0 0
"satisfy" 0 0 0.00659369642621654 0
"scarlet" 0 0 0 0.00422225975342003
"scorpion" 0 0.00385519873549481 0 0
"scorpions" 0 0.00385519873549481 0 0
"seal" 0.00523724730281764 0 0 0
"sealed" 0.00523724730281764 0 0 0
"sealing" 0 0 0 0.00422225975342003
"seam" 0.00523724730281764 0 0 0
"seasoned" 0 0.00385519873549481 0 0
"seasons" 0 0 0 0.00422225975342003
"secure" 0 0 0 0.00422225975342003
"seduce" 0 0 0.00659369642621654 0
"seemeth" 0 0.00385519873549481 0 0
"seize" 0 0 0 0.00422225975342003
"selfsame" 0 0 0 0.00422225975342003
"selleth" 0 0 0 0.00422225975342003
"selves" 0 0.00385519873549481 0 0
"sem" 0 0.00385519873549481 0 0
"semei" 0 0.00385519873549481 0 0
"sentence" 0 0.00385519873549481 0 0
"servant^s" 0.00523724730281764 0 0 0
"service" 0.00523724730281764 0 0 0
"serving" 0 0.00385519873549481 0 0
"seth" 0 0.00385519873549481 0 0
"settle" 0 0.00385519873549481 0 0
"sever" 0 0 0 0.00422225975342003
"several" 0 0 0 0.00422225975342003
"seweth" 0 0 0.00659369642621654 0
"shame" 0 0.00385519873549481 0 0
"sheath" 0.00523724730281764 0 0 0
"sheep^s" 0 0 0 0.00422225975342003
"sheepfold" 0.00523724730281764 0 0 0
"shipping" 0.00523724730281764 0 0 0
"shod" 0 0 0.00659369642621654 0
"shoe^s" 0.00523724730281764 0 0 0
"shone" 0 0.00385519873549481 0 0
"shoot" 0 0.00385519873549481 0 0
"shooteth" 0 0 0.00659369642621654 0
"shower" 0 0.00385519873549481 0 0
"sickle" 0 0 0.00659369642621654 0
"sift" 0 0.00385519873549481 0 0
"sights" 0 0.00385519873549481 0 0
"silence" 0 0 0 0.00422225975342003
"sixtyfold" 0 0 0 0.00422225975342003
"skin" 0 0 0.00659369642621654 0
"slain" 0 0.00385519873549481 0 0
"sleepest" 0 0 0.00659369642621654 0
"slothful" 0 0 0 0.00422225975342003
"slow" 0 0.00385519873549481 0 0
"slumbered" 0 0 0 0.00422225975342003
"smitest" 0.00523724730281764 0 0 0
"smiteth" 0 0.00385519873549481 0 0
"smoking" 0 0 0 0.00422225975342003
"smooth" 0 0.00385519873549481 0 0
"snare" 0 0.00385519873549481 0 0
"soldier" 0.00523724730281764 0 0 0
"solitary" 0 0 0.00659369642621654 0
"solomon^s" 0.00523724730281764 0 0 0
"somebody" 0 0.00385519873549481 0 0
"somewhat" 0 0.00385519873549481 0 0
"sorrowing" 0 0.00385519873549481 0 0
"sounded" 0 0.00385519873549481 0 0
"space" 0 0.00385519873549481 0 0
"spare" 0 0.00385519873549481 0 0
"spat" 0.00523724730281764 0 0 0
"spear" 0.00523724730281764 0 0 0
"speedily" 0 0.00385519873549481 0 0
"spendest" 0 0.00385519873549481 0 0
"spies" 0 0.00385519873549481 0 0
"spitted" 0 0.00385519873549481 0 0
"spittle" 0.00523724730281764 0 0 0
"spoils" 0 0.00385519873549481 0 0
"spring" 0 0 0.00659369642621654 0
"springing" 0.00523724730281764 0 0 0
"staff" 0 0 0.00659369642621654 0
"stall" 0 0.00385519873549481 0 0
"stanched" 0 0.00385519873549481 0 0
"stayed" 0 0.00385519873549481 0 0
"stedfastly" 0 0.00385519873549481 0 0
"stepped" 0.00523724730281764 0 0 0
"steppeth" 0.00523724730281764 0 0 0
"stinketh" 0.00523724730281764 0 0 0
"stirreth" 0 0.00385519873549481 0 0
"stole" 0 0 0 0.00422225975342003
"stone^s" 0 0.00385519873549481 0 0
"stoop" 0 0 0.00659369642621654 0
"storehouse" 0 0.00385519873549481 0 0
"strain" 0 0 0 0.00422225975342003
"straitened" 0 0.00385519873549481 0 0
"strange" 0 0.00385519873549481 0 0
"strengthen" 0 0.00385519873549481 0 0
"strengthening" 0 0.00385519873549481 0 0
"strife" 0 0.00385519873549481 0 0
"strike" 0 0 0.00659369642621654 0
"string" 0 0 0.00659369642621654 0
"stronger" 0 0.00385519873549481 0 0
"strove" 0.00523724730281764 0 0 0
"stuff" 0 0.00385519873549481 0 0
"subtilty" 0 0 0 0.00422225975342003
"sucked" 0 0.00385519873549481 0 0
"sucklings" 0 0 0 0.00422225975342003
"sue" 0 0 0 0.00422225975342003
"suffereth" 0 0 0 0.00422225975342003
"sufficeth" 0.00523724730281764 0 0 0
"sumptuously" 0 0.00385519873549481 0 0
"sunder" 0 0.00385519873549481 0 0
"sup" 0 0.00385519873549481 0 0
"surfeiting" 0 0.00385519873549481 0 0
"surname" 0 0 0 0.00422225975342003
"susanna" 0 0.00385519873549481 0 0
"swallow" 0 0 0 0.00422225975342003
"sweat" 0 0.00385519873549481 0 0
"sweep" 0 0.00385519873549481 0 0
"sweet" 0 0 0.00659369642621654 0
"sycamine" 0 0.00385519873549481 0 0
"sychar" 0.00523724730281764 0 0 0
"sycomore" 0 0.00385519873549481 0 0
"syrian" 0 0.00385519873549481 0 0
"syrophenician" 0 0 0.00659369642621654 0
"takest" 0 0.00385519873549481 0 0
"tales" 0 0.00385519873549481 0 0
"talitha" 0 0 0.00659369642621654 0
"talkest" 0.00523724730281764 0 0 0
"talketh" 0.00523724730281764 0 0 0
"tame" 0 0 0.00659369642621654 0
"taxing" 0 0.00385519873549481 0 0
"teacher" 0.00523724730281764 0 0 0
"telleth" 0.00523724730281764 0 0 0
"tempest" 0 0 0 0.00422225975342003
"temptations" 0 0.00385519873549481 0 0
"tempter" 0 0 0 0.00422225975342003
"tenth" 0.00523724730281764 0 0 0
"thamar" 0 0 0 0.00422225975342003
"thara" 0 0.00385519873549481 0 0
"theophilus" 0 0.00385519873549481 0 0
"thereabout" 0 0.00385519873549481 0 0
"thereat" 0 0 0 0.00422225975342003
"thereby" 0.00523724730281764 0 0 0
"thereinto" 0 0.00385519873549481 0 0
"thereto" 0 0 0.00659369642621654 0
"thick" 0 0.00385519873549481 0 0
"thistles" 0 0 0 0.00422225975342003
"threescore" 0 0.00385519873549481 0 0
"throat" 0 0 0 0.00422225975342003
"thronging" 0 0 0.00659369642621654 0
"thunder" 0 0 0.00659369642621654 0
"thundered" 0.00523724730281764 0 0 0
"tiberius" 0 0.00385519873549481 0 0
"tiling" 0 0.00385519873549481 0 0
"timaeus" 0 0 0.00659369642621654 0
"tip" 0 0.00385519873549481 0 0
"tithes" 0 0.00385519873549481 0 0
"toiled" 0 0.00385519873549481 0 0
"toiling" 0 0 0.00659369642621654 0
"token" 0 0 0.00659369642621654 0
"tongues" 0 0 0.00659369642621654 0
"torches" 0.00523724730281764 0 0 0
"tormentors" 0 0 0 0.00422225975342003
"torn" 0 0 0.00659369642621654 0
"tossed" 0 0 0 0.00422225975342003
"toucheth" 0 0.00385519873549481 0 0
"trachonitis" 0 0.00385519873549481 0 0
"traded" 0 0 0 0.00422225975342003
"trading" 0 0.00385519873549481 0 0
"traitor" 0 0.00385519873549481 0 0
"trample" 0 0 0 0.00422225975342003
"transgressed" 0 0.00385519873549481 0 0
"travail" 0.00523724730281764 0 0 0
"travelling" 0 0 0 0.00422225975342003
"tread" 0 0.00385519873549481 0 0
"trembled" 0 0 0.00659369642621654 0
"trench" 0 0.00385519873549481 0 0
"tribe" 0 0.00385519873549481 0 0
"trimmed" 0 0 0 0.00422225975342003
"trode" 0 0.00385519873549481 0 0
"troubles" 0 0 0.00659369642621654 0
"troublest" 0 0 0.00659369642621654 0
"troubleth" 0 0.00385519873549481 0 0
"troubling" 0.00523724730281764 0 0 0
"trow" 0 0.00385519873549481 0 0
"turtledoves" 0 0.00385519873549481 0 0
"twofold" 0 0 0 0.00422225975342003
"unawares" 0 0.00385519873549481 0 0
"unbelievers" 0 0.00385519873549481 0 0
"uncleanness" 0 0 0 0.00422225975342003
"uncovered" 0 0 0.00659369642621654 0
"unrighteous" 0 0.00385519873549481 0 0
"unthankful" 0 0.00385519873549481 0 0
"upbraid" 0 0 0 0.00422225975342003
"upbraided" 0 0 0.00659369642621654 0
"urge" 0 0.00385519873549481 0 0
"urias" 0 0 0 0.00422225975342003
"used" 0 0 0.00659369642621654 0
"utmost" 0 0.00385519873549481 0 0
"utter" 0 0 0 0.00422225975342003
"valley" 0 0.00385519873549481 0 0
"valued" 0 0 0 0.00422225975342003
"vanished" 0 0.00385519873549481 0 0
"variance" 0 0 0 0.00422225975342003
"vengeance" 0 0.00385519873549481 0 0
"victory" 0 0 0 0.00422225975342003
"violent" 0 0 0 0.00422225975342003
"virgin^s" 0 0.00385519873549481 0 0
"virginity" 0 0.00385519873549481 0 0
"visitation" 0 0.00385519873549481 0 0
"wailed" 0 0 0.00659369642621654 0
"walkedst" 0.00523724730281764 0 0 0
"wallowed" 0 0 0.00659369642621654 0
"wanted" 0.00523724730281764 0 0 0
"ware" 0 0.00385519873549481 0 0
"warming" 0 0 0.00659369642621654 0
"watering" 0 0.00385519873549481 0 0
"waterpot" 0.00523724730281764 0 0 0
"weapons" 0.00523724730281764 0 0 0
"wearied" 0.00523724730281764 0 0 0
"wearing" 0.00523724730281764 0 0 0
"weary" 0 0.00385519873549481 0 0
"weight" 0.00523724730281764 0 0 0
"weightier" 0 0 0 0.00422225975342003
"wellbeloved" 0 0 0.00659369642621654 0
"whale^s" 0 0 0 0.00422225975342003
"whensoever" 0 0 0.00659369642621654 0
"whereas" 0.00523724730281764 0 0 0
"whereinto" 0.00523724730281764 0 0 0
"whereof" 0 0.00385519873549481 0 0
"whereupon" 0 0 0 0.00422225975342003
"wherewithal" 0 0 0 0.00422225975342003
"whiles" 0 0 0 0.00422225975342003
"whited" 0 0 0 0.00422225975342003
"wide" 0 0 0 0.00422225975342003
"willingly" 0.00523724730281764 0 0 0
"winefat" 0 0 0.00659369642621654 0
"winepress" 0 0 0 0.00422225975342003
"wisely" 0 0.00385519873549481 0 0
"wiser" 0 0.00385519873549481 0 0
"withdrawn" 0 0.00385519873549481 0 0
"witnesseth" 0.00523724730281764 0 0 0
"wombs" 0 0.00385519873549481 0 0
"wondering" 0 0.00385519873549481 0 0
"word^s" 0 0 0.00659369642621654 0
"workers" 0 0.00385519873549481 0 0
"worketh" 0.00523724730281764 0 0 0
"working" 0 0 0.00659369642621654 0
"workman" 0 0 0 0.00422225975342003
"worshipper" 0.00523724730281764 0 0 0
"worshippers" 0.00523724730281764 0 0 0
"worshipping" 0 0 0 0.00422225975342003
"wound" 0.00523724730281764 0 0 0
"wounds" 0 0.00385519873549481 0 0
"woven" 0.00523724730281764 0 0 0
"writings" 0.00523724730281764 0 0 0
"wrong" 0 0 0 0.00422225975342003
"yesterday" 0.00523724730281764 0 0 0
"yield" 0 0 0.00659369642621654 0
"zara" 0 0 0 0.00422225975342003
"zeal" 0.00523724730281764 0 0 0
"zelotes" 0 0.00385519873549481 0 0
